bus_name,lat,lon
Bus 1,20.0121682,73.7536647
Bus 1,20.0120876,73.7549246
Bus 1,20.0120645,73.7558165
Bus 1,20.0120569,73.7559572
Bus 1,20.011913,73.7559397
Bus 1,20.0114717,73.7558822
Bus 1,20.0112091,73.755857
Bus 1,20.008576,73.7554923
Bus 1,20.0085561,73.7554962
Bus 1,20.0084559,73.7557997
Bus 1,20.0080757,73.7567212
Bus 1,20.00776,73.757483
Bus 1,20.0077652,73.7574983
Bus 1,20.0077521,73.7575433
Bus 1,20.0077397,73.7575528
Bus 1,20.007675,73.7575282
Bus 1,20.007671,73.7575117
Bus 1,20.0074888,73.7574338
Bus 1,20.0061973,73.7572196
Bus 1,20.0052351,73.757428
Bus 1,20.0042923,73.7579533
Bus 1,20.0040811,73.7580616
Bus 1,20.0039983,73.7580759
Bus 1,20.0039468,73.7580638
Bus 1,20.0035864,73.7581481
Bus 1,20.0034123,73.758191
Bus 1,20.002382,73.759112
Bus 1,20.0020588,73.7596348
Bus 1,20.0012241,73.7605587
Bus 1,19.9999743,73.7619735
Bus 1,19.9990447,73.7630919
Bus 1,19.9989564,73.7632062
Bus 1,19.9986312,73.7636137
Bus 1,19.9984673,73.7638536
Bus 1,19.9984249,73.7639039
Bus 1,19.9983706,73.7638897
Bus 1,19.9983558,73.7638215
Bus 1,19.9980105,73.7637954
Bus 1,19.9977313,73.7637497
Bus 1,19.9970849,73.7636451
Bus 1,19.9967085,73.7636077
Bus 1,19.9965345,73.7635904
Bus 1,19.9963265,73.7635698
Bus 1,19.9958135,73.7635232
Bus 1,19.9954572,73.7635017
Bus 1,19.9952847,73.7634913
Bus 1,19.9946918,73.7634554
Bus 1,19.9947146,73.7649038
Bus 1,19.9946219,73.764872
Bus 1,19.9944576,73.7648702
Bus 1,19.9934163,73.7650445
Bus 1,19.9923642,73.7652242
Bus 1,19.9921932,73.7652551
Bus 1,19.99208,73.7652755
Bus 1,19.9919145,73.7653054
Bus 1,19.9918251,73.7653216
Bus 1,19.9917625,73.7651747
Bus 1,19.9910341,73.7638448
Bus 1,19.9906548,73.7637345
Bus 1,19.9893257,73.76651
Bus 1,19.988742,73.7675693
Bus 1,19.9877921,73.7691896
Bus 1,19.9870309,73.7704594
Bus 1,19.9868366,73.7707836
Bus 1,19.9866881,73.7710261
Bus 1,19.9845189,73.7744503
Bus 1,19.982669,73.7759861
Bus 1,19.9825926,73.7760455
Bus 1,19.9819739,73.77647
Bus 1,19.9810471,73.7772042
Bus 1,19.9809264,73.7771465
Bus 1,19.980827,73.777085
Bus 1,19.9805593,73.7770273
Bus 1,19.9802324,73.7769537
Bus 1,19.9800381,73.7769152
Bus 1,19.979716,73.7768458
Bus 1,19.978625,73.7765811
Bus 1,19.9781095,73.7764727
Bus 1,19.9781852,73.7758674
Bus 1,19.9782505,73.7754831
Bus 1,19.9783055,73.7751737
Bus 1,19.9780385,73.7748718
Bus 1,19.9777647,73.7745604
Bus 1,19.9775507,73.7747388
Bus 1,19.9774967,73.7746842
Bus 1,19.9782276,73.7739063
Bus 1,19.9779315,73.7736085
Bus 1,19.9776797,73.7733758
Bus 1,19.9779164,73.7731129
Bus 1,19.9781808,73.7728193
Bus 1,19.9784053,73.773044
Bus 1,19.9787154,73.7733605
Bus 1,19.9787843,73.7734308
Bus 1,19.9789934,73.7736678
Bus 1,19.9798274,73.7735444
Bus 1,19.9807461,73.7741036
Bus 1,19.9798274,73.7735444
Bus 1,19.9789934,73.7736678
Bus 1,19.9787843,73.7734308
Bus 1,19.9780343,73.7742726
Bus 1,19.9777647,73.7745604
Bus 1,19.9775507,73.7747388
Bus 1,19.9769478,73.7753992
Bus 1,19.9774391,73.7758587
Bus 1,19.9781095,73.7764727
Bus 1,19.978625,73.7765811
Bus 1,19.979716,73.7768458
Bus 1,19.9800381,73.7769152
Bus 1,19.9793375,73.777169
Bus 1,19.9800381,73.7769152
Bus 1,19.9802324,73.7769537
Bus 1,19.9805593,73.7770273
Bus 1,19.980827,73.777085
Bus 1,19.9809264,73.7771465
Bus 1,19.9810471,73.7772042
Bus 1,19.9808558,73.7773783
Bus 1,19.9805463,73.7778114
Bus 1,19.9797606,73.7797323
Bus 1,19.9797257,73.7798237
Bus 1,19.9796386,73.7800911
Bus 1,19.9796241,73.780378
Bus 1,19.9793986,73.7811967
Bus 1,19.9791999,73.7811261
Bus 1,19.9794127,73.7804176
Bus 1,19.9793772,73.7799631
Bus 1,19.9785417,73.7792873
Bus 1,19.9785436,73.7803852
Bus 1,19.9780083,73.7803732
Bus 1,19.9780032,73.7806209
Bus 1,19.977425,73.78063
Bus 1,19.9774193,73.780393
Bus 1,19.977425,73.78063
Bus 1,19.9774103,73.7817778
Bus 1,19.9769011,73.781805
Bus 1,19.9764393,73.7818296
Bus 1,19.9759677,73.7818504
Bus 1,19.9757685,73.7818578
Bus 1,19.9753833,73.781872
Bus 1,19.9751901,73.7818758
Bus 1,19.9746474,73.7818325
Bus 1,19.9742811,73.7818032
Bus 1,19.9741845,73.7817955
Bus 1,19.9740599,73.7817856
Bus 1,19.9737472,73.781763
Bus 1,19.9733842,73.7817484
Bus 1,19.9734259,73.7813335
Bus 1,19.9728845,73.7812693
Bus 1,19.9729415,73.7808992
Bus 1,19.9725242,73.7808082
Bus 1,19.9726881,73.7797619
Bus 1,19.9727556,73.7793313
Bus 1,19.9729524,73.7785884
Bus 1,19.9732432,73.7781114
Bus 1,19.9740481,73.7753768
Bus 1,19.9736176,73.7749838
Bus 1,19.9728255,73.7743008
Bus 1,19.9730316,73.7738673
Bus 1,19.9728591,73.7737422
Bus 1,19.9730981,73.7734757
Bus 1,19.9739737,73.7743485
Bus 1,19.9739841,73.7745962
Bus 1,19.9730316,73.7738673
Bus 1,19.9728255,73.7743008
Bus 1,19.9722847,73.7737325
Bus 1,19.9715891,73.7759891
Bus 1,19.9714951,73.775965
Bus 1,19.9705242,73.7757342
Bus 1,19.970327,73.775684
Bus 1,19.9700071,73.7756131
Bus 1,19.9699032,73.7755915
Bus 1,19.9696046,73.7755296
Bus 1,19.9697413,73.7747936
Bus 1,19.9696046,73.7755296
Bus 1,19.9699032,73.7755915
Bus 1,19.9700071,73.7756131
Bus 1,19.9699394,73.7759674
Bus 1,19.9698669,73.776327
Bus 1,19.9701289,73.7768379
Bus 1,19.9698669,73.776327
Bus 1,19.9699394,73.7759674
Bus 1,19.9700071,73.7756131
Bus 1,19.9699032,73.7755915
Bus 1,19.9696046,73.7755296
Bus 1,19.9690023,73.7753405
Bus 1,19.9685962,73.7752043
Bus 1,19.968076,73.7750298
Bus 1,19.9677064,73.7749042
Bus 1,19.9673063,73.7747715
Bus 1,19.9669959,73.7746535
Bus 1,19.9673601,73.7756793
Bus 1,19.9672745,73.7756972
Bus 1,19.9668951,73.7757203
Bus 1,19.9664608,73.77568
Bus 1,19.9658046,73.7756391
Bus 1,19.9650752,73.775723
Bus 1,19.9647203,73.7756823
Bus 1,19.9645759,73.7756594
Bus 1,19.9647203,73.7756823
Bus 1,19.9646371,73.7767345
Bus 1,19.964602,73.7771787
Bus 1,19.9645588,73.7777138
Bus 1,19.9631882,73.7774767
Bus 1,19.9631588,73.7778081
Bus 1,19.9629732,73.7786002
Bus 1,19.9640264,73.7791242
Bus 1,19.9644253,73.7793111
Bus 1,19.9645588,73.7777138
Bus 1,19.964602,73.7771787
Bus 1,19.9645588,73.7777138
Bus 1,19.9631882,73.7774767
Bus 1,19.9631588,73.7778081
Bus 1,19.9642199,73.7779483
Bus 1,19.9631588,73.7778081
Bus 1,19.9629732,73.7786002
Bus 1,19.9640264,73.7791242
Bus 1,19.9644253,73.7793111
Bus 1,19.9644135,73.7794467
Bus 1,19.9629637,73.7786988
Bus 1,19.9628746,73.7786565
Bus 1,19.9623257,73.7784093
Bus 1,19.9621579,73.7783353
Bus 1,19.9617836,73.7782295
Bus 1,19.9610579,73.7780015
Bus 1,19.9609973,73.7787162
Bus 1,19.960994,73.7793566
Bus 1,19.9610098,73.7802272
Bus 1,19.9610294,73.7807518
Bus 1,19.9610447,73.7811875
Bus 1,19.9610539,73.7814094
Bus 1,19.9609982,73.7817892
Bus 1,19.9603268,73.7816954
Bus 1,19.9602511,73.7821104
Bus 1,19.9598172,73.7820477
Bus 1,19.9602511,73.7821104
Bus 1,19.9609365,73.7822098
Bus 1,19.961295,73.7822618
Bus 1,19.9616497,73.7823132
Bus 1,19.9615647,73.7830356
Bus 1,19.9619537,73.7830955
Bus 1,19.9628073,73.782458
Bus 1,19.9632625,73.7825101
Bus 1,19.9639434,73.7825926
Bus 1,19.9642865,73.7826499
Bus 1,19.964954,73.7827583
Bus 1,19.964882,73.783363
Bus 1,19.9648112,73.783957
Bus 1,19.9656453,73.7842308
Bus 1,19.9661009,73.7843615
Bus 1,19.9662956,73.7836114
Bus 1,19.9665598,73.7837146
Bus 1,19.9665263,73.7829029
Bus 1,19.9668518,73.7823772
Bus 1,19.96718,73.7809957
Bus 1,19.9671092,73.7809472
Bus 1,19.9671721,73.7808419
Bus 1,19.9674244,73.780419
Bus 1,19.9664249,73.7796627
Bus 1,19.9674244,73.780419
Bus 1,19.9676919,73.7799707
Bus 1,19.968655,73.7802994
Bus 1,19.9698676,73.780445
Bus 1,19.9699767,73.7801742
Bus 1,19.9700459,73.7800023
Bus 1,19.9702699,73.7795949
Bus 1,19.9714951,73.775965
Bus 1,19.9722182,73.7736626
Bus 1,19.9724241,73.7732895
Bus 1,19.9728591,73.7737422
Bus 1,19.9730981,73.7734757
Bus 1,19.9742031,73.7722435
Bus 1,19.9747841,73.7715956
Bus 1,19.9752168,73.7711131
Bus 1,19.9757985,73.7704644
Bus 1,19.9760883,73.7701361
Bus 1,19.9763696,73.7698275
Bus 1,19.9769074,73.7691772
Bus 1,19.976959,73.7691148
Bus 1,19.9769074,73.7691772
Bus 1,19.9763696,73.7698275
Bus 1,19.9755699,73.7690734
Bus 1,19.9755027,73.76901
Bus 1,19.9750831,73.7686144
Bus 1,19.9748564,73.7688512
Bus 1,19.974646,73.7686558
Bus 1,19.9748663,73.76841
Bus 1,19.9750781,73.7681615
Bus 1,19.9752601,73.7679637
Bus 1,19.9754674,73.7677384
Bus 1,19.9750789,73.7673417
Bus 1,19.9751392,73.767281
Bus 1,19.9753278,73.7670771
Bus 1,19.9754844,73.766908
Bus 1,19.9756568,73.7667185
Bus 1,19.9758093,73.7665522
Bus 1,19.9764512,73.7667691
Bus 1,19.9766712,73.7669252
Bus 1,19.9767907,73.7670501
Bus 1,19.9769492,73.7668418
Bus 1,19.9777537,73.7676789
Bus 1,19.9769492,73.7668418
Bus 1,19.9769941,73.7667828
Bus 1,19.9770083,73.7667109
Bus 1,19.9770546,73.766477
Bus 1,19.9777855,73.7662655
Bus 1,19.9781217,73.7662907
Bus 1,19.9783774,73.7663388
Bus 1,19.9790351,73.7664625
Bus 1,19.9794211,73.7665351
Bus 1,19.9797828,73.7666291
Bus 1,19.9796157,73.7675231
Bus 1,19.9799456,73.7677098
Bus 1,19.9801854,73.7678456
Bus 1,19.9803761,73.7673557
Bus 1,19.9815885,73.7649772
Bus 1,19.9827002,73.7655589
Bus 1,19.983765,73.7658287
Bus 1,19.9838104,73.7658326
Bus 1,19.9842033,73.7658895
Bus 1,19.9855859,73.7660094
Bus 1,19.9860251,73.7660365
Bus 1,19.9861132,73.7660431
Bus 1,19.9864995,73.766083
Bus 1,19.9866041,73.7650652
Bus 1,19.9866046,73.7646856
Bus 1,19.986609,73.7645918
Bus 1,19.9866284,73.7641846
Bus 1,19.9872821,73.7641917
Bus 1,19.9877072,73.7641944
Bus 1,19.988154,73.7641929
Bus 1,19.9877072,73.7641944
Bus 1,19.9877187,73.7637132
Bus 1,19.9870554,73.7636899
Bus 1,19.9863001,73.7636634
Bus 1,19.9863291,73.76327
Bus 1,19.9863441,73.7621987
Bus 1,19.9860182,73.7621875
Bus 1,19.9860078,73.7617602
Bus 1,19.9860182,73.7621875
Bus 1,19.9863441,73.7621987
Bus 1,19.9866916,73.7622132
Bus 1,19.9868437,73.7622199
Bus 1,19.9868474,73.7617711
Bus 1,19.9868511,73.7613117
Bus 1,19.9866446,73.7613117
Bus 1,19.9868511,73.7613117
Bus 1,19.9868561,73.7607081
Bus 1,19.9864906,73.7606514
Bus 1,19.9863743,73.7606424
Bus 1,19.9860255,73.7606755
Bus 1,19.9857363,73.760756
Bus 1,19.9853984,73.7608609
Bus 1,19.9843877,73.7608634
Bus 1,19.9841527,73.7608081
Bus 1,19.9837655,73.7607166
Bus 1,19.9836565,73.7607011
Bus 1,19.9837655,73.7607166
Bus 1,19.9838825,73.7603469
Bus 1,19.9837097,73.7603215
Bus 1,19.9834235,73.7602793
Bus 1,19.982752,73.7601804
Bus 1,19.9824597,73.7601342
Bus 1,19.9821865,73.7600988
Bus 1,19.9814709,73.7599983
Bus 1,19.981358,73.7599823
Bus 1,19.9807354,73.759894
Bus 1,19.9798771,73.7597722
Bus 1,19.9791177,73.7596688
Bus 1,19.9786148,73.7595366
Bus 1,19.9781784,73.7594219
Bus 1,19.9779834,73.7593706
Bus 1,19.9775763,73.7592636
Bus 1,19.9768116,73.7591003
Bus 1,19.9766147,73.7590742
Bus 1,19.9760946,73.7590054
Bus 1,19.9758388,73.7589746
Bus 1,19.9756828,73.7589534
Bus 1,19.9756148,73.7596607
Bus 1,19.9750224,73.7596443
Bus 1,19.9745113,73.7595953
Bus 1,19.9739726,73.759994
Bus 1,19.9739035,73.7604421
Bus 1,19.9734801,73.7603133
Bus 1,19.9733067,73.7602922
Bus 1,19.9732538,73.7607424
Bus 1,19.9732077,73.760737
Bus 1,19.9731799,73.7610833
Bus 1,19.9731753,73.7611411
Bus 1,19.9731456,73.7615108
Bus 1,19.9731167,73.7618708
Bus 1,19.973093,73.762259
Bus 1,19.9718842,73.7621332
Bus 1,19.973093,73.762259
Bus 1,19.9731167,73.7618708
Bus 1,19.9731456,73.7615108
Bus 1,19.9731753,73.7611411
Bus 1,19.9731799,73.7610833
Bus 1,19.9732077,73.760737
Bus 1,19.9723758,73.7603239
Bus 1,19.9719371,73.7603829
Bus 1,19.9713489,73.7614911
Bus 1,19.9710793,73.761793
Bus 1,19.9710298,73.7618485
Bus 1,19.9709945,73.761888
Bus 1,19.9707777,73.7621308
Bus 1,19.9704212,73.7625245
Bus 1,19.9703725,73.7625748
Bus 1,19.9700236,73.7622119
Bus 1,19.9694592,73.7616895
Bus 1,19.9683325,73.7604968
Bus 1,19.9679469,73.7601045
Bus 1,19.9665427,73.7622176
Bus 1,19.9665172,73.7621237
Bus 1,19.967321,73.7610392
Bus 1,19.9661603,73.7608928
Bus 1,19.9662618,73.7613919
Bus 1,19.9665172,73.7621237
Bus 1,19.9665427,73.7622176
Bus 1,19.9665172,73.7621237
Bus 1,19.967321,73.7610392
Bus 1,19.9679307,73.7600113
Bus 1,19.9678201,73.7598903
Bus 1,19.9677337,73.7596939
Bus 1,19.9677644,73.7594511
Bus 1,19.9676,73.7594092
Bus 1,19.9676469,73.758904
Bus 1,19.9679151,73.7588629
Bus 1,19.9679721,73.7588858
Bus 1,19.9683595,73.7590416
Bus 1,19.9683932,73.758959
Bus 1,19.9685439,73.7585888
Bus 1,19.9687616,73.7580542
Bus 1,19.9688023,73.7579283
Bus 1,19.9691287,73.7579758
Bus 1,19.9695532,73.7580547
Bus 1,19.9699994,73.7581376
Bus 1,19.970055,73.7578779
Bus 1,19.9701038,73.7576495
Bus 1,19.9701894,73.7571232
Bus 1,19.9702322,73.7569293
Bus 1,19.9702273,73.7569066
Bus 1,19.9704666,73.7557268
Bus 1,19.9702273,73.7569066
Bus 1,19.9702322,73.7569293
Bus 1,19.9701894,73.7571232
Bus 1,19.9701038,73.7576495
Bus 1,19.970055,73.7578779
Bus 1,19.9699994,73.7581376
Bus 1,19.9695532,73.7580547
Bus 1,19.9691287,73.7579758
Bus 1,19.9688023,73.7579283
Bus 1,19.9687616,73.7580542
Bus 1,19.9685439,73.7585888
Bus 1,19.9683932,73.758959
Bus 1,19.9683595,73.7590416
Bus 1,19.9681586,73.7595349
Bus 1,19.9679523,73.7594907
Bus 1,19.9677644,73.7594511
Bus 1,19.9677337,73.7596939
Bus 1,19.9660166,73.7594945
Bus 1,19.9661282,73.760735
Bus 1,19.9657567,73.7603284
Bus 1,19.9655743,73.7605249
Bus 1,19.9648565,73.7612365
Bus 1,19.96508,73.7614131
Bus 1,19.9655999,73.7611858
Bus 1,19.96508,73.7614131
Bus 1,19.9648565,73.7612365
Bus 1,19.9655743,73.7605249
Bus 1,19.9654995,73.7604385
Bus 1,19.9654185,73.7603449
Bus 1,19.9652891,73.7601954
Bus 1,19.9650211,73.7598856
Bus 1,19.9647711,73.7595968
Bus 1,19.9643947,73.7594065
Bus 1,19.9641967,73.7595933
Bus 1,19.9640097,73.7597697
Bus 1,19.9638843,73.7598881
Bus 1,19.9636103,73.7601467
Bus 1,19.9633517,73.7603908
Bus 1,19.9633254,73.7604156
Bus 1,19.9630845,73.7605679
Bus 1,19.9630349,73.7606173
Bus 1,19.962099,73.759443
Bus 1,19.9617878,73.7590473
Bus 1,19.9614644,73.7593318
Bus 1,19.9609668,73.7587535
Bus 1,19.9599685,73.7582316
Bus 1,19.9596802,73.7578951
Bus 1,19.9591608,73.7583498
Bus 1,19.9589614,73.7585244
Bus 1,19.9586041,73.7588394
Bus 1,19.9581438,73.7583055
Bus 1,19.9576822,73.7577701
Bus 1,19.9571024,73.7583529
Bus 1,19.9573559,73.7586442
Bus 1,19.957715,73.759097
Bus 1,19.9581229,73.7596067
Bus 1,19.9583967,73.7599406
Bus 1,19.9590284,73.7593483
Bus 1,19.9588789,73.759169
Bus 1,19.9592615,73.7589131
Bus 1,19.9588789,73.759169
Bus 1,19.9590284,73.7593483
Bus 1,19.9583967,73.7599406
Bus 1,19.9584997,73.7600592
Bus 1,19.9581414,73.7603736
Bus 1,19.957356,73.7594444
Bus 1,19.9570864,73.76019
Bus 1,19.9569329,73.7606006
Bus 1,19.9567747,73.760958
Bus 1,19.956609,73.7613402
Bus 1,19.9564684,73.7617063
Bus 1,19.9563422,73.7620911
Bus 1,19.9560002,73.76304
Bus 1,19.9558642,73.763463
Bus 1,19.9563246,73.763605
Bus 1,19.9558642,73.763463
Bus 1,19.9554615,73.7633439
Bus 1,19.9553478,73.7637275
Bus 1,19.9552198,73.7641507
Bus 1,19.9550575,73.7655888
Bus 1,19.9550438,73.7659399
Bus 1,19.9550575,73.7655888
Bus 1,19.9543971,73.7655796
Bus 1,19.9542069,73.765537
Bus 1,19.9540001,73.7658479
Bus 1,19.953909,73.7658234
Bus 1,19.9533457,73.7658308
Bus 1,19.9529228,73.7658344
Bus 1,19.9529329,73.7653644
Bus 1,19.952845,73.7649216
Bus 1,19.9526581,73.7649623
Bus 1,19.952491,73.7645834
Bus 1,19.952331,73.7642536
Bus 1,19.9530032,73.7638861
Bus 1,19.953337,73.7636909
Bus 1,19.9531743,73.7633485
Bus 1,19.9529963,73.7628742
Bus 1,19.9532619,73.7627185
Bus 1,19.9535545,73.7625462
Bus 1,19.9540776,73.7622645
Bus 1,19.9537639,73.7616621
Bus 1,19.9540781,73.7612442
Bus 1,19.9542241,73.7610449
Bus 1,19.9547298,73.7612371
Bus 1,19.9542241,73.7610449
Bus 1,19.9540781,73.7612442
Bus 1,19.9537639,73.7616621
Bus 1,19.9540776,73.7622645
Bus 1,19.9543846,73.7621801
Bus 1,19.9545043,73.7621937
Bus 1,19.9547974,73.7622708
Bus 1,19.9552666,73.7624349
Bus 1,19.9553494,73.7624798
Bus 1,19.9555728,73.7629188
Bus 1,19.9554615,73.7633439
Bus 1,19.9558642,73.763463
Bus 1,19.9554615,73.7633439
Bus 1,19.9555728,73.7629188
Bus 1,19.9553494,73.7624798
Bus 1,19.9552666,73.7624349
Bus 1,19.9557834,73.7608306
Bus 1,19.9553138,73.7606682
Bus 1,19.9547298,73.7612371
Bus 1,19.9542241,73.7610449
Bus 1,19.9540781,73.7612442
Bus 1,19.9537639,73.7616621
Bus 1,19.9540776,73.7622645
Bus 1,19.9543846,73.7621801
Bus 1,19.9545043,73.7621937
Bus 1,19.9547974,73.7622708
Bus 1,19.9552666,73.7624349
Bus 1,19.9553494,73.7624798
Bus 1,19.9555728,73.7629188
Bus 1,19.9554615,73.7633439
Bus 1,19.9558642,73.763463
Bus 1,19.9563246,73.763605
Bus 1,19.9570993,73.7637795
Bus 1,19.9569146,73.764304
Bus 1,19.956901,73.7645365
Bus 1,19.9575959,73.7646789
Bus 1,19.9590537,73.7649751
Bus 1,19.9589211,73.7664979
Bus 1,19.9610405,73.7671397
Bus 1,19.9614196,73.7672761
Bus 1,19.9619974,73.7674811
Bus 1,19.962104,73.7671463
Bus 1,19.9622338,73.7667856
Bus 1,19.962104,73.7671463
Bus 1,19.9619974,73.7674811
Bus 1,19.9624215,73.7678357
Bus 1,19.9633196,73.7681658
Bus 1,19.9636974,73.7683046
Bus 1,19.9646024,73.7686372
Bus 1,19.9650487,73.7688012
Bus 1,19.9650961,73.7685676
Bus 1,19.9654628,73.7687111
Bus 1,19.9659359,73.7688722
Bus 1,19.9659334,73.7680562
Bus 1,19.9659524,73.7678969
Bus 1,19.9660508,73.7673512
Bus 1,19.9661184,73.7672569
Bus 1,19.9662279,73.7668345
Bus 1,19.9662876,73.7664368
Bus 1,19.9665532,73.7666451
Bus 1,19.9670637,73.7658787
Bus 1,19.9674856,73.765289
Bus 1,19.9683634,73.7650689
Bus 1,19.9679886,73.764729
Bus 1,19.9680334,73.7646702
Bus 1,19.96866,73.7639559
Bus 1,19.9690734,73.7634074
Bus 1,19.9696221,73.7626986
Bus 1,19.9700236,73.7622119
Bus 1,19.9700721,73.7621531
Bus 1,19.9704212,73.7625245
Bus 1,19.9707777,73.7621308
Bus 1,19.9709945,73.761888
Bus 1,19.9710298,73.7618485
Bus 1,19.9710793,73.761793
Bus 1,19.9713489,73.7614911
Bus 1,19.9719371,73.7603829
Bus 1,19.9723758,73.7603239
Bus 1,19.9727449,73.7602932
Bus 1,19.9729725,73.7602468
Bus 1,19.9733067,73.7602922
Bus 1,19.9734801,73.7603133
Bus 1,19.9739035,73.7604421
Bus 1,19.9739726,73.759994
Bus 1,19.9745113,73.7595953
Bus 1,19.9750224,73.7596443
Bus 1,19.9756148,73.7596607
Bus 1,19.9756828,73.7589534
Bus 1,19.9758388,73.7589746
Bus 1,19.9760946,73.7590054
Bus 1,19.9766147,73.7590742
Bus 1,19.9768116,73.7591003
Bus 1,19.9775763,73.7592636
Bus 1,19.9779834,73.7593706
Bus 1,19.9781784,73.7594219
Bus 1,19.9786148,73.7595366
Bus 1,19.9791177,73.7596688
Bus 1,19.9790146,73.7603701
Bus 1,19.9791106,73.7608408
Bus 1,19.9792775,73.7611224
Bus 1,19.9795093,73.7615136
Bus 1,19.9796393,73.7617274
Bus 1,19.9797216,73.7618587
Bus 1,19.9799309,73.7621928
Bus 1,19.9803575,73.7625037
Bus 1,19.9799309,73.7621928
Bus 1,19.9797216,73.7618587
Bus 1,19.9796393,73.7617274
Bus 1,19.9795093,73.7615136
Bus 1,19.9792775,73.7611224
Bus 1,19.9791106,73.7608408
Bus 1,19.9790146,73.7603701
Bus 1,19.9791177,73.7596688
Bus 1,19.9798771,73.7597722
Bus 1,19.9807354,73.759894
Bus 1,19.981358,73.7599823
Bus 1,19.9814709,73.7599983
Bus 1,19.9821865,73.7600988
Bus 1,19.9824597,73.7601342
Bus 1,19.982752,73.7601804
Bus 1,19.9834235,73.7602793
Bus 1,19.9837097,73.7603215
Bus 1,19.9838825,73.7603469
Bus 1,19.984187,73.759652
Bus 1,19.9843205,73.7593474
Bus 1,19.9844693,73.759008
Bus 1,19.9846048,73.7586988
Bus 1,19.9847964,73.7582615
Bus 1,19.9851942,73.7573149
Bus 1,19.9852462,73.7571252
Bus 1,19.9854606,73.7572152
Bus 1,19.9856887,73.7566752
Bus 1,19.986015,73.7559851
Bus 1,19.986156,73.756055
Bus 1,19.9863613,73.7555618
Bus 1,19.987219,73.7559452
Bus 1,19.9872434,73.755891
Bus 1,19.9873164,73.7557293
Bus 1,19.9873974,73.7555499
Bus 1,19.9875258,73.7552369
Bus 1,19.9874481,73.7549206
Bus 1,19.9875438,73.7547546
Bus 1,19.9869196,73.7542755
Bus 1,19.9870917,73.7538715
Bus 1,19.9871595,73.7537125
Bus 1,19.9869769,73.7536259
Bus 1,19.986537,73.7534171
Bus 1,19.9862897,73.7532997
Bus 1,19.986264,73.7532875
Bus 1,19.9860808,73.7532005
Bus 1,19.9858342,73.7530834
Bus 1,19.9857323,73.7530351
Bus 1,19.985593,73.7529689
Bus 1,19.9851436,73.7539002
Bus 1,19.985593,73.7529689
Bus 1,19.9857323,73.7530351
Bus 1,19.9858342,73.7530834
Bus 1,19.9860808,73.7532005
Bus 1,19.986264,73.7532875
Bus 1,19.9862897,73.7532997
Bus 1,19.986537,73.7534171
Bus 1,19.9869769,73.7536259
Bus 1,19.9871595,73.7537125
Bus 1,19.9870917,73.7538715
Bus 1,19.9869196,73.7542755
Bus 1,19.9875438,73.7547546
Bus 1,19.9874481,73.7549206
Bus 1,19.9875258,73.7552369
Bus 1,19.9873974,73.7555499
Bus 1,19.9873164,73.7557293
Bus 1,19.9872434,73.755891
Bus 1,19.987219,73.7559452
Bus 1,19.9871142,73.7561774
Bus 1,19.9869842,73.7564655
Bus 1,19.9868253,73.7568305
Bus 1,19.9867618,73.756981
Bus 1,19.9864786,73.7576258
Bus 1,19.9864482,73.7577045
Bus 1,19.9884633,73.7602235
Bus 1,19.9891098,73.7610295
Bus 1,19.9893138,73.7612811
Bus 1,19.990604,73.762958
Bus 1,19.9907366,73.7631679
Bus 1,19.9908505,73.7633483
Bus 1,19.9909267,73.7634708
Bus 1,19.990844,73.7635355
Bus 1,19.9906548,73.7637345
Bus 1,19.9893257,73.76651
Bus 1,19.9891744,73.7664588
Bus 1,19.9899912,73.7644489
Bus 1,19.9907689,73.7634121
Bus 1,19.9908505,73.7633483
Bus 1,19.9909545,73.760122
Bus 1,19.9910626,73.7601254
Bus 1,19.9911174,73.7616758
Bus 1,19.9917641,73.7616632
Bus 1,19.9925091,73.7616672
Bus 1,19.9928758,73.7616835
Bus 1,19.9925091,73.7616672
Bus 1,19.9925077,73.7621154
Bus 1,19.992507,73.762359
Bus 1,19.9925053,73.7629031
Bus 1,19.9921657,73.7629092
Bus 1,19.991766,73.7629117
Bus 1,19.9911803,73.7629355
Bus 1,19.9911957,73.7631493
Bus 1,19.9909267,73.7634708
Bus 1,19.990844,73.7635355
Bus 1,19.9906548,73.7637345
Bus 1,19.9893257,73.76651
Bus 1,19.988742,73.7675693
Bus 1,19.9877921,73.7691896
Bus 1,19.9870309,73.7704594
Bus 1,19.9871049,73.7707631
Bus 1,19.9875413,73.7707413
Bus 1,19.9875795,73.7727258
Bus 1,19.9875413,73.7707413
Bus 1,19.9871049,73.7707631
Bus 1,19.9868366,73.7707836
Bus 1,19.9867238,73.7707389
Bus 1,19.9868602,73.7705492
Bus 1,19.9857442,73.7703121
Bus 1,19.9858743,73.7697041
Bus 1,19.9857442,73.7703121
Bus 1,19.9856701,73.770737
Bus 1,19.9865671,73.7709905
Bus 1,19.9867238,73.7707389
Bus 1,19.9868366,73.7707836
Bus 1,19.9871049,73.7707631
Bus 1,19.9875413,73.7707413
Bus 1,19.9884857,73.7707643
Bus 1,19.9885148,73.7702718
Bus 1,19.9909521,73.7691009
Bus 1,19.9885148,73.7702718
Bus 1,19.9884857,73.7707643
Bus 1,19.9911411,73.7726299
Bus 1,19.9917577,73.7729284
Bus 1,19.9918949,73.7730105
Bus 1,19.9919588,73.7730487
Bus 1,19.9914688,73.7740378
Bus 1,19.9913327,73.7751084
Bus 1,19.9913326,73.7757531
Bus 1,19.9913319,73.7758231
Bus 1,19.9910459,73.775859
Bus 1,19.9897765,73.7764584
Bus 1,19.9893021,73.7774919
Bus 1,19.9892706,73.7778151
Bus 1,19.9891971,73.7778072
Bus 1,19.9886364,73.7777629
Bus 1,19.9891971,73.7778072
Bus 1,19.9900089,73.7761957
Bus 2,20.0121682,73.7536647
Bus 2,20.0120876,73.7549246
Bus 2,20.0120645,73.7558165
Bus 2,20.0120569,73.7559572
Bus 2,20.0120513,73.7563653
Bus 2,20.0120427,73.7570175
Bus 2,20.0120434,73.7574338
Bus 2,20.0120201,73.7582107
Bus 2,20.0120438,73.7583046
Bus 2,20.0120097,73.7583609
Bus 2,20.011825,73.7591763
Bus 2,20.011668,73.7597263
Bus 2,20.0115095,73.7601954
Bus 2,20.0113727,73.7606001
Bus 2,20.0113866,73.7606521
Bus 2,20.0113247,73.7607306
Bus 2,20.0110947,73.7617407
Bus 2,20.0103984,73.7638286
Bus 2,20.0102694,73.7641317
Bus 2,20.0102698,73.7641537
Bus 2,20.0102333,73.7642039
Bus 2,20.0095613,73.7660623
Bus 2,20.0093551,73.7667065
Bus 2,20.0093714,73.7667283
Bus 2,20.0093691,73.7668197
Bus 2,20.0093052,73.7668605
Bus 2,20.0084596,73.7689019
Bus 2,20.0078691,73.7701598
Bus 2,20.0076062,73.7707793
Bus 2,20.0073362,73.771436
Bus 2,20.0072924,73.7715499
Bus 2,20.0067925,73.7737306
Bus 2,20.0064156,73.7747292
Bus 2,20.0060941,73.7762256
Bus 2,20.0059272,73.7776356
Bus 2,20.0059983,73.7799523
Bus 2,20.0060282,73.7811049
Bus 2,20.006485,73.7828779
Bus 2,20.0065628,73.7830316
Bus 2,20.0065861,73.7831022
Bus 2,20.0064804,73.7831035
Bus 2,20.0059839,73.783087
Bus 2,20.0057837,73.7830651
Bus 2,20.0053353,73.7830036
Bus 2,20.0047028,73.7838785
Bus 2,20.0048582,73.7839288
Bus 2,20.0048605,73.7840261
Bus 2,20.0044692,73.7860204
Bus 2,20.0042624,73.7869562
Bus 2,20.0026349,73.7866866
Bus 2,20.0021617,73.7870944
Bus 2,20.0018919,73.7873042
Bus 2,20.0017504,73.7877033
Bus 2,20.0016987,73.7878521
Bus 2,20.0016057,73.7883393
Bus 2,19.9999849,73.7888476
Bus 2,19.9993953,73.788997
Bus 2,19.9993662,73.7889349
Bus 2,19.9988225,73.7890584
Bus 2,19.9987395,73.789238
Bus 2,19.9986027,73.789541
Bus 2,19.9986022,73.7900776
Bus 2,19.9983235,73.7901359
Bus 2,19.9980814,73.7906677
Bus 2,19.9979558,73.7907062
Bus 2,19.9968866,73.7918264
Bus 2,19.9968771,73.792178
Bus 2,19.9968719,73.792567
Bus 2,19.9969022,73.7926501
Bus 2,19.9967331,73.7943418
Bus 2,19.9964325,73.7943542
Bus 2,19.9959883,73.7943697
Bus 2,19.995885,73.7953521
Bus 2,19.9954646,73.7959782
Bus 2,19.9954316,73.7960225
Bus 2,19.9952879,73.7962158
Bus 2,19.9947733,73.7966571
Bus 2,19.9942778,73.7970749
Bus 2,19.9942766,73.7971344
Bus 2,19.9942625,73.7971827
Bus 2,19.9940826,73.7973184
Bus 2,19.9939917,73.797295
Bus 2,19.9939141,73.7972306
Bus 2,19.9922887,73.7982758
Bus 2,19.9911136,73.7990318
Bus 2,19.9907912,73.7992392
Bus 2,19.9887864,73.8000228
Bus 2,19.9875291,73.8011085
Bus 2,19.9854501,73.8020878
Bus 2,19.9846147,73.8028431
Bus 2,19.9841271,73.8032562
Bus 2,19.9835263,73.8037834
Bus 2,19.9815028,73.8056742
Bus 2,19.9807567,73.8063844
Bus 2,19.9797673,73.8073223
Bus 2,19.9795769,73.807505
Bus 2,19.9794933,73.8075883
Bus 2,19.9792433,73.8078232
Bus 2,19.9778988,73.8090773
Bus 2,19.9777406,73.8092248
Bus 2,19.9776747,73.8092844
Bus 2,19.9774676,73.8094736
Bus 2,19.9759777,73.8108949
Bus 2,19.9752912,73.8115625
Bus 2,19.9739533,73.8128043
Bus 2,19.9725552,73.814242
Bus 2,19.9704097,73.8167408
Bus 2,19.9699677,73.8172881
Bus 2,19.9695398,73.8178139
Bus 2,19.9690933,73.8183824
Bus 2,19.9692243,73.818872
Bus 2,19.9694093,73.8199492
Bus 2,19.9697589,73.8205338
Bus 2,19.9694093,73.8199492
Bus 2,19.9692243,73.818872
Bus 2,19.9691313,73.8187302
Bus 2,19.9687986,73.8187266
Bus 2,19.9684751,73.8190948
Bus 2,19.9669638,73.820913
Bus 2,19.9664414,73.8215323
Bus 2,19.9656852,73.8224828
Bus 2,19.9648587,73.82353
Bus 2,19.963473,73.8253221
Bus 2,19.963407,73.8254109
Bus 2,19.9619919,73.8272509
Bus 2,19.9617975,73.8275013
Bus 2,19.9609679,73.8285954
Bus 2,19.9589179,73.8312332
Bus 2,19.9583372,73.8319666
Bus 2,19.9567744,73.8340259
Bus 2,19.9565156,73.8343461
Bus 2,19.9564718,73.8344002
Bus 2,19.95636,73.8343823
Bus 2,19.9561247,73.8343681
Bus 2,19.9557205,73.8343778
Bus 2,19.9556017,73.8343955
Bus 2,19.9549047,73.8344606
Bus 2,19.9543469,73.8345282
Bus 2,19.9538423,73.8345614
Bus 2,19.9537149,73.8345712
Bus 2,19.9527044,73.8345975
Bus 2,19.9526154,73.8345998
Bus 2,19.9521378,73.8346123
Bus 2,19.951931,73.8346177
Bus 2,19.9513314,73.8346333
Bus 2,19.9498564,73.8346514
Bus 2,19.9488114,73.8346101
Bus 2,19.9485216,73.8345889
Bus 2,19.9483597,73.8345773
Bus 2,19.9475096,73.834486
Bus 2,19.9474386,73.8344784
Bus 2,19.9463845,73.8343924
Bus 2,19.9458494,73.8343418
Bus 2,19.9455269,73.8343113
Bus 2,19.945134,73.8342741
Bus 2,19.944398,73.8342045
Bus 2,19.9443174,73.8347554
Bus 2,19.9442676,73.8349691
Bus 2,19.9441652,73.8354241
Bus 2,19.9441573,73.8355553
Bus 2,19.9441523,73.8355884
Bus 2,19.9441208,73.8355639
Bus 2,19.9431474,73.8356902
Bus 2,19.9427557,73.8357318
Bus 2,19.9421949,73.8357737
Bus 2,19.9418961,73.8368479
Bus 2,19.9416533,73.8374693
Bus 2,19.9414219,73.8379746
Bus 2,19.9409677,73.8389387
Bus 2,19.9407254,73.8394434
Bus 2,19.9404203,73.8394911
Bus 2,19.9373945,73.8395931
Bus 2,19.9392787,73.8421302
Bus 2,19.9385376,73.8434688
Bus 2,19.9377122,73.8457031
Bus 2,19.9391169,73.8458214
Bus 2,19.9404503,73.8458092
Bus 2,19.943176,73.8488853
Bus 2,19.945229,73.8487687
Bus 2,19.9470801,73.8468167
Bus 2,19.9473879,73.8464414
Bus 2,19.9481165,73.8455408
Bus 2,19.9484239,73.8451501
Bus 2,19.9486419,73.8448699
Bus 2,19.9488524,73.8451161
Bus 2,19.9487957,73.8455773
Bus 2,19.9488524,73.8451161
Bus 2,19.9486419,73.8448699
Bus 2,19.9484239,73.8451501
Bus 2,19.9479683,73.8449096
Bus 2,19.9480044,73.844406
Bus 2,19.9467614,73.8442397
Bus 2,19.9467632,73.8441766
Bus 2,19.946779,73.8436229
Bus 2,19.9466857,73.8435157
Bus 2,19.9441795,73.8423509
Bus 2,19.9392787,73.8421302
Bus 2,19.9385376,73.8434688
Bus 2,19.9377122,73.8457031
Bus 2,19.9391169,73.8458214
Bus 2,19.9404503,73.8458092
Bus 2,19.943176,73.8488853
Bus 2,19.945229,73.8487687
Bus 2,19.9470801,73.8468167
Bus 2,19.947106,73.8468729
Bus 2,19.9480697,73.8462981
Bus 2,19.9481215,73.8463769
Bus 2,19.9481621,73.8464466
Bus 2,19.9470714,73.8471607
Bus 2,19.947229,73.8485849
Bus 2,19.9490862,73.8499368
Bus 2,19.947229,73.8485849
Bus 2,19.9470714,73.8471607
Bus 2,19.9481621,73.8464466
Bus 2,19.9496997,73.8475432
Bus 2,19.949932,73.8476164
Bus 2,19.9501591,73.847688
Bus 2,19.9523157,73.8464767
Bus 2,19.952714,73.8463855
Bus 2,19.9533733,73.8460864
Bus 2,19.9539361,73.8457528
Bus 2,19.9547885,73.8466809
Bus 2,19.9554916,73.8477135
Bus 2,19.955595,73.8479736
Bus 2,19.9557491,73.8485573
Bus 2,19.9563927,73.8484727
Bus 2,19.9557491,73.8485573
Bus 2,19.9560626,73.8495005
Bus 2,19.9557491,73.8485573
Bus 2,19.9563927,73.8484727
Bus 2,19.9557491,73.8485573
Bus 2,19.9560626,73.8495005
Bus 2,19.9557491,73.8485573
Bus 2,19.955595,73.8479736
Bus 2,19.9554916,73.8477135
Bus 2,19.9547885,73.8466809
Bus 2,19.9583978,73.8465363
Bus 2,19.9584578,73.84724
Bus 2,19.9583978,73.8465363
Bus 2,19.9547885,73.8466809
Bus 2,19.9554916,73.8477135
Bus 2,19.955595,73.8479736
Bus 2,19.9557491,73.8485573
Bus 2,19.9560626,73.8495005
Bus 2,19.9559962,73.8494671
Bus 2,19.9551621,73.8492025
Bus 2,19.9548867,73.8491152
Bus 2,19.9541584,73.8488843
Bus 2,19.9533039,73.8486191
Bus 2,19.9501591,73.847688
Bus 2,19.949932,73.8476164
Bus 2,19.9496997,73.8475432
Bus 2,19.9481621,73.8464466
Bus 2,19.9481215,73.8463769
Bus 2,19.9480697,73.8462981
Bus 2,19.9504808,73.8448793
Bus 2,19.9516566,73.8406546
Bus 2,19.9518495,73.8403671
Bus 2,19.9509651,73.8405308
Bus 2,19.9497064,73.8407174
Bus 2,19.9493347,73.8407714
Bus 2,19.9483865,73.8408676
Bus 2,19.9483522,73.8409226
Bus 2,19.9481852,73.8407912
Bus 2,19.9470469,73.8397577
Bus 2,19.9468874,73.839913
Bus 2,19.9461562,73.8401825
Bus 2,19.9447609,73.8395872
Bus 2,19.9445697,73.8394169
Bus 2,19.9437055,73.838548
Bus 2,19.9418961,73.8368479
Bus 2,19.9416533,73.8374693
Bus 2,19.9414219,73.8379746
Bus 2,19.9409677,73.8389387
Bus 2,19.9407254,73.8394434
Bus 2,19.9404203,73.8394911
Bus 2,19.9373945,73.8395931
Bus 2,19.9392787,73.8421302
Bus 2,19.9441795,73.8423509
Bus 2,19.9466857,73.8435157
Bus 2,19.946779,73.8436229
Bus 2,19.9467632,73.8441766
Bus 2,19.9467614,73.8442397
Bus 2,19.9470801,73.8468167
Bus 2,19.947106,73.8468729
Bus 2,19.9480697,73.8462981
Bus 2,19.9504808,73.8448793
Bus 2,19.95536,73.8356644
Bus 2,19.9560688,73.8347664
Bus 2,19.95636,73.8343823
Bus 2,19.9564092,73.8343257
Bus 2,19.9566205,73.834055
Bus 2,19.9567567,73.8338852
Bus 2,19.9578235,73.8325093
Bus 2,19.9588604,73.8311871
Bus 2,19.9588852,73.8311554
Bus 2,19.960425,73.8291558
Bus 2,19.960897,73.8285486
Bus 2,19.9613077,73.8280011
Bus 2,19.9616905,73.8275108
Bus 2,19.9633404,73.8253557
Bus 2,19.9634053,73.8252807
Bus 2,19.964345,73.824065
Bus 2,19.9645641,73.8237819
Bus 2,19.9647697,73.8235127
Bus 2,19.9653472,73.822755
Bus 2,19.9656042,73.8224177
Bus 2,19.9669965,73.8207392
Bus 2,19.9684994,73.8189458
Bus 2,19.9689824,73.8183646
Bus 2,19.9690556,73.8182895
Bus 2,19.9690933,73.8183824
Bus 2,19.9692243,73.818872
Bus 2,19.9694093,73.8199492
Bus 2,19.9697589,73.8205338
Bus 2,19.9694093,73.8199492
Bus 2,19.9692243,73.818872
Bus 2,19.9691313,73.8187302
Bus 2,19.9687986,73.8187266
Bus 2,19.9684751,73.8190948
Bus 2,19.9669638,73.820913
Bus 2,19.9664414,73.8215323
Bus 2,19.9656852,73.8224828
Bus 2,19.9648587,73.82353
Bus 2,19.963473,73.8253221
Bus 2,19.963407,73.8254109
Bus 2,19.9619919,73.8272509
Bus 2,19.9617975,73.8275013
Bus 2,19.9609679,73.8285954
Bus 2,19.9589179,73.8312332
Bus 2,19.9583372,73.8319666
Bus 2,19.9567744,73.8340259
Bus 2,19.9565156,73.8343461
Bus 2,19.9564718,73.8344002
Bus 2,19.956295,73.834619
Bus 2,19.955562,73.8355888
Bus 2,19.9555212,73.8356392
Bus 2,19.9555007,73.8356647
Bus 2,19.9542868,73.8373904
Bus 2,19.9540748,73.8376801
Bus 2,19.9540103,73.8377618
Bus 2,19.953299,73.8386802
Bus 2,19.9525183,73.8397236
Bus 2,19.9521531,73.8403016
Bus 2,19.9521154,73.8403797
Bus 2,19.9513054,73.8425798
Bus 2,19.9481215,73.8463769
Bus 2,19.9481621,73.8464466
Bus 2,19.9470714,73.8471607
Bus 2,19.947229,73.8485849
Bus 2,19.9470714,73.8471607
Bus 2,19.9481621,73.8464466
Bus 2,19.9481215,73.8463769
Bus 2,19.9480697,73.8462981
Bus 2,19.9504808,73.8448793
Bus 2,19.95536,73.8356644
Bus 2,19.9560688,73.8347664
Bus 2,19.95636,73.8343823
Bus 2,19.9564092,73.8343257
Bus 2,19.9566205,73.834055
Bus 2,19.9567567,73.8338852
Bus 2,19.9578235,73.8325093
Bus 2,19.9588604,73.8311871
Bus 2,19.9588852,73.8311554
Bus 2,19.960425,73.8291558
Bus 2,19.960897,73.8285486
Bus 2,19.9613077,73.8280011
Bus 2,19.9616905,73.8275108
Bus 2,19.9633404,73.8253557
Bus 2,19.9634053,73.8252807
Bus 2,19.964345,73.824065
Bus 2,19.9645641,73.8237819
Bus 2,19.9647697,73.8235127
Bus 2,19.9653472,73.822755
Bus 2,19.9656042,73.8224177
Bus 2,19.9669965,73.8207392
Bus 2,19.9684994,73.8189458
Bus 2,19.9689824,73.8183646
Bus 2,19.9690556,73.8182895
Bus 2,19.9690933,73.8183824
Bus 2,19.9692243,73.818872
Bus 2,19.9694093,73.8199492
Bus 2,19.9697589,73.8205338
Bus 3,20.0121682,73.7536647
Bus 3,20.0120876,73.7549246
Bus 3,20.0120645,73.7558165
Bus 3,20.0120569,73.7559572
Bus 3,20.0120513,73.7563653
Bus 3,20.0120427,73.7570175
Bus 3,20.0120434,73.7574338
Bus 3,20.0120201,73.7582107
Bus 3,20.0120438,73.7583046
Bus 3,20.0120097,73.7583609
Bus 3,20.011825,73.7591763
Bus 3,20.011668,73.7597263
Bus 3,20.0115095,73.7601954
Bus 3,20.0113727,73.7606001
Bus 3,20.0113866,73.7606521
Bus 3,20.0113247,73.7607306
Bus 3,20.0110947,73.7617407
Bus 3,20.0103984,73.7638286
Bus 3,20.0102694,73.7641317
Bus 3,20.0102698,73.7641537
Bus 3,20.0102333,73.7642039
Bus 3,20.0095613,73.7660623
Bus 3,20.0093551,73.7667065
Bus 3,20.0093714,73.7667283
Bus 3,20.0093691,73.7668197
Bus 3,20.0093052,73.7668605
Bus 3,20.0084596,73.7689019
Bus 3,20.0078691,73.7701598
Bus 3,20.0076062,73.7707793
Bus 3,20.0073362,73.771436
Bus 3,20.0080132,73.7717382
Bus 3,20.0085748,73.7720718
Bus 3,20.008875,73.7721983
Bus 3,20.0089393,73.772261
Bus 3,20.0099144,73.7735657
Bus 3,20.0120028,73.7771548
Bus 3,20.0146674,73.7815484
Bus 3,20.0157055,73.7831426
Bus 3,20.0158419,73.7833086
Bus 3,20.0160439,73.7835943
Bus 3,20.0170185,73.7850276
Bus 3,20.0174543,73.7856473
Bus 3,20.0178122,73.7862436
Bus 3,20.0180368,73.7869226
Bus 3,20.0180913,73.7872456
Bus 3,20.0181323,73.7886377
Bus 3,20.0181339,73.7893138
Bus 3,20.0186466,73.7898289
Bus 3,20.0191406,73.7897978
Bus 3,20.0197734,73.7897327
Bus 3,20.0196763,73.7901127
Bus 3,20.0195123,73.7912356
Bus 3,20.0193525,73.7933294
Bus 3,20.019867,73.7934011
Bus 3,20.0197874,73.7940112
Bus 3,20.0197781,73.7940829
Bus 3,20.0195951,73.7940666
Bus 3,20.0194647,73.7953368
Bus 3,20.0198525,73.7953763
Bus 3,20.0199592,73.7953872
Bus 3,20.0194053,73.7979212
Bus 3,20.0216566,73.7991317
Bus 3,20.0218229,73.7992711
Bus 3,20.0266079,73.8008175
Bus 3,20.0266896,73.8008441
Bus 3,20.027089,73.8009739
Bus 3,20.027541,73.8011231
Bus 3,20.0302383,73.802121
Bus 3,20.0314471,73.8025459
Bus 3,20.0328253,73.8029835
Bus 3,20.032933,73.8030073
Bus 3,20.0347878,73.8034592
Bus 3,20.0356811,73.8036484
Bus 3,20.0358915,73.8036937
Bus 3,20.0369037,73.8039703
Bus 3,20.0381963,73.8042935
Bus 3,20.0391892,73.8045189
Bus 3,20.039118,73.8046602
Bus 3,20.0390836,73.8053352
Bus 3,20.0390511,73.8058657
Bus 3,20.0396907,73.8058861
Bus 3,20.0408607,73.8060071
Bus 3,20.0409709,73.8051324
Bus 3,20.0397702,73.8048291
Bus 3,20.039118,73.8046602
Bus 3,20.0385102,73.8045029
Bus 3,20.0375855,73.8042739
Bus 3,20.036871,73.8040946
Bus 3,20.0360035,73.8038813
Bus 3,20.0358688,73.8038332
Bus 3,20.0358915,73.8036937
Bus 3,20.0361181,73.8030269
Bus 3,20.0363699,73.8022887
Bus 3,20.0366038,73.8016465
Bus 3,20.0363699,73.8022887
Bus 3,20.0361181,73.8030269
Bus 3,20.0358915,73.8036937
Bus 3,20.0358688,73.8038332
Bus 3,20.0356503,73.8037791
Bus 3,20.0355297,73.804902
Bus 3,20.0354681,73.8054583
Bus 3,20.0354404,73.8057082
Bus 3,20.0345727,73.8055932
Bus 3,20.0344916,73.8064106
Bus 3,20.0330478,73.8062787
Bus 3,20.0325745,73.8062288
Bus 3,20.032473,73.8071056
Bus 3,20.0323182,73.808442
Bus 3,20.0322226,73.8092677
Bus 3,20.0321647,73.809968
Bus 3,20.0318248,73.8124651
Bus 3,20.0314385,73.8142329
Bus 3,20.031123,73.816503
Bus 3,20.0309499,73.817251
Bus 3,20.0306272,73.8186836
Bus 3,20.0300668,73.8201336
Bus 3,20.0295056,73.8221421
Bus 3,20.028198,73.8250205
Bus 3,20.0276608,73.8250506
Bus 3,20.0270241,73.8250862
Bus 3,20.0266723,73.8251059
Bus 3,20.0260965,73.8251267
Bus 3,20.0261017,73.8253731
Bus 3,20.026115,73.8259588
Bus 3,20.025199,73.8260209
Bus 3,20.0246328,73.8260749
Bus 3,20.0238987,73.8261449
Bus 3,20.0238883,73.8260412
Bus 3,20.0233583,73.8260458
Bus 3,20.0233694,73.8264461
Bus 3,20.0233793,73.8268065
Bus 3,20.0239808,73.8269851
Bus 3,20.0240934,73.8281367
Bus 3,20.0231481,73.8280828
Bus 3,20.0231391,73.8286958
Bus 3,20.0227009,73.828669
Bus 3,20.0226984,73.829116
Bus 3,20.022696,73.8295681
Bus 3,20.0237518,73.8295764
Bus 3,20.022696,73.8295681
Bus 3,20.0226938,73.8299634
Bus 3,20.0220747,73.8299563
Bus 3,20.021621,73.8299513
Bus 3,20.0211843,73.8299468
Bus 3,20.0211914,73.8295233
Bus 3,20.0211165,73.8290439
Bus 3,20.0208575,73.8280922
Bus 3,20.0208078,73.8277656
Bus 3,20.0200548,73.8278546
Bus 3,20.0208078,73.8277656
Bus 3,20.0208575,73.8280922
Bus 3,20.0211165,73.8290439
Bus 3,20.0211914,73.8295233
Bus 3,20.0211843,73.8299468
Bus 3,20.021621,73.8299513
Bus 3,20.0216236,73.8301472
Bus 3,20.0218318,73.8308518
Bus 3,20.0220659,73.8307451
Bus 3,20.0224553,73.8305766
Bus 3,20.0226465,73.8308462
Bus 3,20.0229607,73.83088
Bus 3,20.0232785,73.8308943
Bus 3,20.0235905,73.8309029
Bus 3,20.0235782,73.8316165
Bus 3,20.0235497,73.8332694
Bus 3,20.0239619,73.8332722
Bus 3,20.0244862,73.833341
Bus 3,20.0244129,73.8337587
Bus 3,20.0243089,73.8343516
Bus 3,20.0244236,73.8343419
Bus 3,20.0248552,73.8343055
Bus 3,20.0252521,73.8342616
Bus 3,20.0256263,73.8340961
Bus 3,20.0255954,73.8340331
Bus 3,20.0260481,73.8338181
Bus 3,20.0255954,73.8340331
Bus 3,20.0244344,73.8316599
Bus 3,20.0240344,73.8316312
Bus 3,20.0235782,73.8316165
Bus 3,20.0232027,73.8316051
Bus 3,20.0229358,73.8315967
Bus 3,20.0226183,73.8315868
Bus 3,20.0225648,73.8315829
Bus 3,20.0214019,73.83167
Bus 3,20.0198118,73.8319155
Bus 3,20.0195874,73.8315544
Bus 3,20.019509,73.8315769
Bus 3,20.0199145,73.8322597
Bus 3,20.0256721,73.8419143
Bus 3,20.0257,73.8419757
Bus 3,20.0254921,73.8420333
Bus 3,20.0254608,73.8419598
Bus 3,20.0193423,73.8316291
Bus 3,20.0163606,73.8254319
Bus 3,20.0163004,73.825291
Bus 3,20.0149714,73.821358
Bus 3,20.0107871,73.8102096
Bus 3,20.0091014,73.80625
Bus 3,20.0068468,73.8041744
Bus 3,20.0022194,73.8032463
Bus 3,19.9974796,73.8025948
Bus 3,19.9965179,73.8018612
Bus 3,19.9960478,73.801163
Bus 3,19.9958574,73.8008724
Bus 3,19.9957727,73.8007382
Bus 3,19.9952535,73.7997367
Bus 3,19.9939917,73.797295
Bus 3,19.9939141,73.7972306
Bus 3,19.9938751,73.7971611
Bus 3,19.9938997,73.7969998
Bus 3,19.9939313,73.796954
Bus 3,19.9941101,73.7968912
Bus 3,19.9941427,73.7968994
Bus 3,19.9942486,73.7969888
Bus 3,19.9942778,73.7970749
Bus 3,19.9942766,73.7971344
Bus 3,19.9942625,73.7971827
Bus 3,19.9957599,73.8000227
Bus 3,20.0170125,73.8265751
Bus 3,20.0190368,73.8307316
Bus 3,20.019509,73.8315769
Bus 3,20.0193423,73.8316291
Bus 3,20.019289,73.8316424
Bus 3,20.0192209,73.8316593
Bus 3,20.0187858,73.8309166
Bus 3,20.0185278,73.8304246
Bus 3,20.0177298,73.8287429
Bus 3,20.0162596,73.8254561
Bus 3,20.0162055,73.8253142
Bus 3,20.0154798,73.8233029
Bus 3,20.015398,73.8230579
Bus 3,20.0148633,73.8213808
Bus 3,20.0147085,73.820892
Bus 3,20.0142352,73.8193896
Bus 3,20.0139715,73.8185692
Bus 3,20.0136719,73.8177004
Bus 3,20.0136163,73.8175391
Bus 3,20.0127615,73.8155657
Bus 3,20.0120668,73.8139858
Bus 3,20.0108931,73.8108467
Bus 3,20.0107385,73.8103619
Bus 3,20.0106983,73.8102382
Bus 3,20.0107871,73.8102096
Bus 3,20.0109155,73.8100177
Bus 3,20.0109971,73.809911
Bus 3,20.0114072,73.809187
Bus 3,20.0115152,73.8090036
Bus 3,20.0121371,73.80818
Bus 3,20.0115152,73.8090036
Bus 3,20.0136065,73.8093941
Bus 3,20.014545,73.8095388
Bus 3,20.0145512,73.8087387
Bus 3,20.0148507,73.8087705
Bus 3,20.0154622,73.8075819
Bus 3,20.0149028,73.8070655
Bus 3,20.014144,73.8064029
Bus 3,20.013974,73.8062565
Bus 3,20.0138929,73.8061876
Bus 3,20.0127336,73.8052198
Bus 3,20.0121684,73.804759
Bus 3,20.0121837,73.8046635
Bus 3,20.0129652,73.8053056
Bus 3,20.013257,73.8041218
Bus 3,20.0129652,73.8053056
Bus 3,20.013946,73.8061168
Bus 3,20.0139971,73.8061595
Bus 3,20.0165239,73.8084928
Bus 3,20.0166985,73.8086414
Bus 3,20.0192305,73.8043301
Bus 3,20.021636,73.7992754
Bus 3,20.0216566,73.7991317
Bus 3,20.022091,73.7962241
Bus 3,20.0223904,73.7944823
Bus 3,20.0225696,73.7945384
Bus 3,20.0227448,73.7944967
Bus 3,20.023426,73.7904914
Bus 3,20.024147,73.7892418
Bus 3,20.0263093,73.7871811
Bus 3,20.0263857,73.7871497
Bus 3,20.027054,73.7871219
Bus 3,20.027447,73.7871031
Bus 3,20.0277746,73.7865132
Bus 3,20.0281347,73.7864926
Bus 3,20.0277841,73.7857483
Bus 3,20.0281347,73.7864926
Bus 3,20.028665,73.7870458
Bus 3,20.0291717,73.7870228
Bus 3,20.0293003,73.7835365
Bus 3,20.0315087,73.7833247
Bus 3,20.0323067,73.7831506
Bus 3,20.0325882,73.7831075
Bus 4,20.0121682,73.7536647
Bus 4,20.0120876,73.7549246
Bus 4,20.0120645,73.7558165
Bus 4,20.0120569,73.7559572
Bus 4,20.011913,73.7559397
Bus 4,20.0114717,73.7558822
Bus 4,20.0112091,73.755857
Bus 4,20.008576,73.7554923
Bus 4,20.0085561,73.7554962
Bus 4,20.0085029,73.7554674
Bus 4,20.0084938,73.7554467
Bus 4,20.0069567,73.7550217
Bus 4,20.0061214,73.7548921
Bus 4,20.0047098,73.7546906
Bus 4,20.0028334,73.7545594
Bus 4,20.0027405,73.7545768
Bus 4,20.0027011,73.7545447
Bus 4,20.0008339,73.7545076
Bus 4,20.0004996,73.7544859
Bus 4,19.9990044,73.7543511
Bus 4,19.997583,73.7542296
Bus 4,19.9972053,73.754209
Bus 4,19.9946168,73.7540335
Bus 4,19.9941187,73.7541292
Bus 4,19.9939062,73.75417
Bus 4,19.9936887,73.7542166
Bus 4,19.9936652,73.7540764
Bus 4,19.9936385,73.7539175
Bus 4,19.9933179,73.7520104
Bus 4,19.9932164,73.75138
Bus 4,19.9930981,73.750604
Bus 4,19.9929781,73.7499127
Bus 4,19.9929607,73.7497945
Bus 4,19.9929175,73.7495082
Bus 4,19.9922964,73.7459638
Bus 4,19.9922583,73.7457484
Bus 4,19.9922115,73.7454841
Bus 4,19.9920208,73.7443409
Bus 4,19.9918026,73.7424483
Bus 4,19.9917766,73.7421681
Bus 4,19.9917148,73.7420436
Bus 4,19.9917314,73.7419754
Bus 4,19.9916904,73.7415934
Bus 4,19.9912759,73.7378925
Bus 4,19.9911771,73.7368914
Bus 4,19.9911119,73.7361182
Bus 4,19.9910832,73.7356259
Bus 4,19.991064,73.7354527
Bus 4,19.9910399,73.7352456
Bus 4,19.991004,73.734966
Bus 4,19.9909467,73.7344409
Bus 4,19.9908873,73.733929
Bus 4,19.9908364,73.7336599
Bus 4,19.9902989,73.7312167
Bus 4,19.9902638,73.7309702
Bus 4,19.990248,73.7309216
Bus 4,19.9893791,73.7290274
Bus 4,19.989337,73.7289306
Bus 4,19.9894168,73.7288641
Bus 4,19.9894673,73.7288835
Bus 4,19.9895579,73.7285371
Bus 4,19.9897866,73.7280844
Bus 4,19.9900134,73.7274951
Bus 4,19.9901363,73.727088
Bus 4,19.9902471,73.7267231
Bus 4,19.9903711,73.726263
Bus 4,19.9904983,73.7258495
Bus 4,19.9905979,73.7255334
Bus 4,19.9905875,73.7250042
Bus 4,19.9908959,73.7250144
Bus 4,19.9909252,73.7245066
Bus 4,19.990954,73.7240423
Bus 4,19.9912615,73.7234725
Bus 4,19.9912868,73.7230538
Bus 4,19.9912847,73.7226389
Bus 4,19.9912778,73.722227
Bus 4,19.991098,73.722216
Bus 4,19.9911037,73.7216324
Bus 4,19.9909495,73.7216632
Bus 4,19.9908639,73.7212577
Bus 4,19.9907723,73.7208733
Bus 4,19.9904102,73.720982
Bus 4,19.9902551,73.7200922
Bus 4,19.9902136,73.719606
Bus 4,19.9901249,73.718913
Bus 4,19.9900231,73.7181899
Bus 4,19.9899545,73.7177443
Bus 4,19.9898855,73.7172795
Bus 4,19.9900521,73.7172531
Bus 4,19.9900556,73.7165392
Bus 4,19.9900203,73.7161798
Bus 4,19.98998,73.7157507
Bus 4,19.9899447,73.7153269
Bus 4,19.9899144,73.7149031
Bus 4,19.989893,73.7144793
Bus 4,19.9897519,73.7138919
Bus 4,19.9893057,73.7141719
Bus 4,19.9891299,73.7136959
Bus 4,19.988443,73.7140522
Bus 4,19.9884386,73.7139696
Bus 4,19.9883835,73.7132813
Bus 4,19.9884386,73.7139696
Bus 4,19.988443,73.7140522
Bus 4,19.9875908,73.7145759
Bus 4,19.9866045,73.7152176
Bus 4,19.9863748,73.7154022
Bus 4,19.985851,73.715787
Bus 4,19.9858662,73.7156512
Bus 4,19.9863425,73.7153239
Bus 4,19.9875775,73.7144964
Bus 4,19.9884386,73.7139696
Bus 4,19.988443,73.7140522
Bus 4,19.9884386,73.7139696
Bus 4,19.9890994,73.7136154
Bus 4,19.990058,73.712996
Bus 4,19.9906359,73.7126132
Bus 4,19.9909876,73.7123726
Bus 4,19.9919716,73.7119052
Bus 4,19.9943542,73.7114165
Bus 4,19.9958362,73.711462
Bus 4,19.9958082,73.7107621
Bus 4,19.9948857,73.710805
Bus 4,19.994406,73.7108111
Bus 4,19.9943542,73.7114165
Bus 4,19.994352,73.7114841
Bus 4,19.9919878,73.7119703
Bus 4,19.9910162,73.7124433
Bus 4,19.9906589,73.7126885
Bus 4,19.9891299,73.7136959
Bus 4,19.988443,73.7140522
Bus 4,19.9884742,73.7144103
Bus 4,19.9885779,73.7155452
Bus 4,19.9886171,73.7159747
Bus 4,19.9886995,73.716876
Bus 4,19.9885074,73.7172532
Bus 4,19.9885707,73.7181937
Bus 4,19.9885891,73.7191974
Bus 4,19.9886218,73.7194341
Bus 4,19.9886434,73.719572
Bus 4,19.9886797,73.7198042
Bus 4,19.9887226,73.720177
Bus 4,19.9887104,73.7210288
Bus 4,19.988857,73.7215465
Bus 4,19.9885216,73.7219004
Bus 4,19.9878411,73.7224208
Bus 4,19.9874453,73.7227051
Bus 4,19.9872422,73.722876
Bus 4,19.9868083,73.723051
Bus 4,19.9861989,73.7233234
Bus 4,19.9857897,73.723581
Bus 4,19.9857882,73.7236853
Bus 4,19.9856736,73.7236948
Bus 4,19.9856576,73.7236735
Bus 4,19.9808471,73.7251502
Bus 4,19.9779277,73.7264147
Bus 4,19.9764065,73.7269728
Bus 4,19.9732399,73.7284516
Bus 4,19.9722609,73.7291206
Bus 4,19.9722147,73.729038
Bus 4,19.9720006,73.7286596
Bus 4,19.9718183,73.7287717
Bus 4,19.9714409,73.7286327
Bus 4,19.9710592,73.7285818
Bus 4,19.9706965,73.7285148
Bus 4,19.9703336,73.7284742
Bus 4,19.9699284,73.7284289
Bus 4,19.9695423,73.7284055
Bus 4,19.9691671,73.7283484
Bus 4,19.9691286,73.7288956
Bus 4,19.9687005,73.7288546
Bus 4,19.9679656,73.7288043
Bus 4,19.9675824,73.728779
Bus 4,19.9671566,73.7287469
Bus 4,19.9666261,73.7286627
Bus 4,19.9648336,73.7285638
Bus 4,19.9631753,73.7285767
Bus 4,19.9629704,73.7285759
Bus 4,19.9622069,73.7284982
Bus 4,19.9622316,73.728083
Bus 4,19.9618458,73.7280459
Bus 4,19.9613586,73.7279972
Bus 4,19.9610173,73.7279648
Bus 4,19.9610665,73.7275712
Bus 4,19.9611251,73.7271028
Bus 4,19.96095,73.7270964
Bus 4,19.9606268,73.7271011
Bus 4,19.9603171,73.7270723
Bus 4,19.9598204,73.7270318
Bus 4,19.9593922,73.7270162
Bus 4,19.9598204,73.7270318
Bus 4,19.9603171,73.7270723
Bus 4,19.9606268,73.7271011
Bus 4,19.960593,73.7275717
Bus 4,19.9602089,73.7275364
Bus 4,19.9601182,73.7284488
Bus 4,19.9602089,73.7275364
Bus 4,19.960593,73.7275717
Bus 4,19.9606268,73.7271011
Bus 4,19.9603171,73.7270723
Bus 4,19.9598204,73.7270318
Bus 4,19.9593922,73.7270162
Bus 4,19.9591859,73.7269789
Bus 4,19.9586951,73.7269332
Bus 4,19.9584249,73.7268957
Bus 4,19.958192,73.7268997
Bus 4,19.9579707,73.7268931
Bus 4,19.9577548,73.7268542
Bus 4,19.9574339,73.7268458
Bus 4,19.9573555,73.7268501
Bus 4,19.9570328,73.7268341
Bus 4,19.95665,73.726792
Bus 4,19.9562802,73.7267669
Bus 4,19.9560042,73.7271774
Bus 4,19.9557521,73.7271801
Bus 4,19.9543604,73.7270513
Bus 4,19.9541839,73.7268019
Bus 4,19.9526813,73.7247124
Bus 4,19.9523182,73.7242538
Bus 4,19.95146,73.7232237
Bus 4,19.9522123,73.7229395
Bus 4,19.9523787,73.7226605
Bus 4,19.9522123,73.7229395
Bus 4,19.95146,73.7232237
Bus 4,19.9485565,73.7198845
Bus 4,19.9467765,73.7214911
Bus 4,19.9472404,73.722167
Bus 4,19.9489045,73.7244737
Bus 4,19.9503713,73.7264683
Bus 4,19.9489045,73.7244737
Bus 4,19.9472404,73.722167
Bus 4,19.9467765,73.7214911
Bus 4,19.9485565,73.7198845
Bus 4,19.95146,73.7232237
Bus 4,19.9522123,73.7229395
Bus 4,19.9523787,73.7226605
Bus 4,19.9522123,73.7229395
Bus 4,19.95146,73.7232237
Bus 4,19.9523182,73.7242538
Bus 4,19.9526813,73.7247124
Bus 4,19.9541839,73.7268019
Bus 4,19.9543604,73.7270513
Bus 4,19.9557521,73.7271801
Bus 4,19.9543604,73.7270513
Bus 4,19.9541839,73.7268019
Bus 4,19.9526813,73.7247124
Bus 4,19.9523182,73.7242538
Bus 4,19.95146,73.7232237
Bus 4,19.9522123,73.7229395
Bus 4,19.9523787,73.7226605
Bus 4,19.9522123,73.7229395
Bus 4,19.9528967,73.7230897
Bus 4,19.9527051,73.7233258
Bus 4,19.9530334,73.7237517
Bus 4,19.9534193,73.7242523
Bus 4,19.9539873,73.7242484
Bus 4,19.9544632,73.7242347
Bus 4,19.9548988,73.7241958
Bus 4,19.9552263,73.7241694
Bus 4,19.9552973,73.7241641
Bus 4,19.955747,73.7241304
Bus 4,19.9560825,73.725037
Bus 4,19.9561571,73.7251689
Bus 4,19.9563525,73.7254394
Bus 4,19.9567922,73.7260752
Bus 4,19.9573555,73.7268501
Bus 4,19.9574339,73.7268458
Bus 4,19.9577548,73.7268542
Bus 4,19.9579707,73.7268931
Bus 4,19.958192,73.7268997
Bus 4,19.9584249,73.7268957
Bus 4,19.9586951,73.7269332
Bus 4,19.9591859,73.7269789
Bus 4,19.9593922,73.7270162
Bus 4,19.9598204,73.7270318
Bus 4,19.9603171,73.7270723
Bus 4,19.9606268,73.7271011
Bus 4,19.96095,73.7270964
Bus 4,19.9611251,73.7271028
Bus 4,19.9610665,73.7275712
Bus 4,19.9610173,73.7279648
Bus 4,19.9613586,73.7279972
Bus 4,19.9618458,73.7280459
Bus 4,19.9622316,73.728083
Bus 4,19.9622069,73.7284982
Bus 4,19.9629704,73.7285759
Bus 4,19.9631753,73.7285767
Bus 4,19.9648336,73.7285638
Bus 4,19.9666261,73.7286627
Bus 4,19.9671566,73.7287469
Bus 4,19.9675824,73.728779
Bus 4,19.9679656,73.7288043
Bus 4,19.9687005,73.7288546
Bus 4,19.9691286,73.7288956
Bus 4,19.9691671,73.7283484
Bus 4,19.9695423,73.7284055
Bus 4,19.9699284,73.7284289
Bus 4,19.9703336,73.7284742
Bus 4,19.9706965,73.7285148
Bus 4,19.9710592,73.7285818
Bus 4,19.9714409,73.7286327
Bus 4,19.9718183,73.7287717
Bus 4,19.9720006,73.7286596
Bus 4,19.9722147,73.729038
Bus 4,19.9731976,73.7283829
Bus 4,19.9739736,73.7278627
Bus 4,19.9743621,73.7276822
Bus 4,19.9758277,73.7271054
Bus 4,19.9764119,73.726869
Bus 4,19.9776595,73.7263954
Bus 4,19.9779096,73.7262912
Bus 4,19.9853434,73.7236719
Bus 4,19.9856481,73.7236208
Bus 4,19.985656,73.7235938
Bus 4,19.9857703,73.7235617
Bus 4,19.9857897,73.723581
Bus 4,19.9857882,73.7236853
Bus 4,19.9859382,73.7240247
Bus 4,19.9871863,73.7257594
Bus 4,19.9892215,73.7285336
Bus 4,19.9894168,73.7288641
Bus 4,19.9894673,73.7288835
Bus 4,19.9894957,73.7289407
Bus 4,19.9901488,73.7304096
Bus 4,19.9903353,73.7308387
Bus 4,19.990366,73.7308503
Bus 4,19.9903959,73.7309545
Bus 4,19.9902638,73.7309702
Bus 4,19.990248,73.7309216
Bus 4,19.9903353,73.7308387
Bus 4,19.990366,73.7308503
Bus 4,19.9903959,73.7309545
Bus 4,19.9905503,73.7316503
Bus 4,19.9909685,73.7336356
Bus 4,19.9911775,73.7357035
Bus 4,19.9912176,73.7361004
Bus 4,19.9911119,73.7361182
Bus 4,19.9910832,73.7356259
Bus 4,19.991064,73.7354527
Bus 4,19.9910399,73.7352456
Bus 4,19.991004,73.734966
Bus 4,19.9909467,73.7344409
Bus 4,19.9908873,73.733929
Bus 4,19.9908364,73.7336599
Bus 4,19.9902989,73.7312167
Bus 4,19.9902638,73.7309702
Bus 4,19.990248,73.7309216
Bus 4,19.9903353,73.7308387
Bus 4,19.990366,73.7308503
Bus 4,19.9903959,73.7309545
Bus 4,19.9905503,73.7316503
Bus 4,19.9909685,73.7336356
Bus 4,19.9908364,73.7336599
Bus 4,19.9902989,73.7312167
Bus 4,19.9902638,73.7309702
Bus 4,19.990248,73.7309216
Bus 4,19.9903353,73.7308387
Bus 4,19.990366,73.7308503
Bus 4,19.9907967,73.7306231
Bus 4,19.9930258,73.7301893
Bus 4,19.9930276,73.7302624
Bus 4,19.9908292,73.730696
Bus 4,19.9903959,73.7309545
Bus 4,19.9902638,73.7309702
Bus 4,19.990248,73.7309216
Bus 4,19.9903353,73.7308387
Bus 4,19.990366,73.7308503
Bus 4,19.9907967,73.7306231
Bus 4,19.9930258,73.7301893
Bus 4,19.9958269,73.7304953
Bus 4,19.9958191,73.7305731
Bus 4,19.9958269,73.7304953
Bus 4,19.9962766,73.725684
Bus 4,19.9958269,73.7304953
Bus 4,19.9964271,73.7305616
Bus 4,19.9964136,73.73064
Bus 4,19.9962566,73.7339364
Bus 4,19.9952056,73.7345472
Bus 4,19.9937063,73.7351816
Bus 4,19.9942546,73.7383703
Bus 4,19.9942898,73.73857
Bus 4,19.994841,73.7416402
Bus 4,19.9973155,73.7417473
Bus 4,19.9977763,73.7417733
Bus 4,20.0019269,73.7418072
Bus 4,20.0019569,73.7404717
Bus 4,20.0029954,73.7405052
Bus 4,20.0029378,73.7412977
Bus 4,20.0028852,73.7421199
Bus 4,20.0028738,73.7431855
Bus 4,20.0028706,73.7434841
Bus 4,20.0028579,73.7438298
Bus 4,20.0028202,73.7442515
Bus 4,20.0028066,73.7444033
Bus 4,20.0024213,73.7444198
Bus 4,20.0021244,73.7448763
Bus 4,20.0016674,73.7460493
Bus 4,20.0007029,73.7460634
Bus 4,20.0016674,73.7460493
Bus 4,20.0021244,73.7448763
Bus 4,20.0024825,73.7458579
Bus 4,20.0027441,73.7462141
Bus 4,20.002743,73.746638
Bus 4,20.0026966,73.7470356
Bus 4,20.0025253,73.7497564
Bus 4,20.0019299,73.7497444
Bus 4,20.0009113,73.7497502
Bus 4,19.9997726,73.7497661
Bus 4,19.9985828,73.7497827
Bus 4,19.9997726,73.7497661
Bus 4,19.9992714,73.746468
Bus 4,19.9997726,73.7497661
Bus 4,19.9985828,73.7497827
Bus 4,19.9977841,73.7447183
Bus 4,19.9976298,73.7437402
Bus 4,19.9974781,73.7427783
Bus 4,19.9973155,73.7417473
Bus 4,19.994841,73.7416402
Bus 5,20.0121682,73.7536647
Bus 5,20.0120876,73.7549246
Bus 5,20.0120645,73.7558165
Bus 5,20.0120569,73.7559572
Bus 5,20.0120513,73.7563653
Bus 5,20.0120427,73.7570175
Bus 5,20.0120434,73.7574338
Bus 5,20.0120201,73.7582107
Bus 5,20.0120438,73.7583046
Bus 5,20.0120097,73.7583609
Bus 5,20.011825,73.7591763
Bus 5,20.011668,73.7597263
Bus 5,20.0115095,73.7601954
Bus 5,20.0113727,73.7606001
Bus 5,20.0113866,73.7606521
Bus 5,20.0113247,73.7607306
Bus 5,20.0110947,73.7617407
Bus 5,20.0103984,73.7638286
Bus 5,20.0102694,73.7641317
Bus 5,20.0102698,73.7641537
Bus 5,20.0102333,73.7642039
Bus 5,20.0095613,73.7660623
Bus 5,20.0093551,73.7667065
Bus 5,20.0093714,73.7667283
Bus 5,20.0093691,73.7668197
Bus 5,20.0093052,73.7668605
Bus 5,20.0084596,73.7689019
Bus 5,20.0078691,73.7701598
Bus 5,20.0076062,73.7707793
Bus 5,20.0073362,73.771436
Bus 5,20.0072924,73.7715499
Bus 5,20.0067925,73.7737306
Bus 5,20.0064156,73.7747292
Bus 5,20.0060941,73.7762256
Bus 5,20.0059272,73.7776356
Bus 5,20.0059983,73.7799523
Bus 5,20.0060282,73.7811049
Bus 5,20.006485,73.7828779
Bus 5,20.0065628,73.7830316
Bus 5,20.0065861,73.7831022
Bus 5,20.0064804,73.7831035
Bus 5,20.0059839,73.783087
Bus 5,20.0057837,73.7830651
Bus 5,20.0053353,73.7830036
Bus 5,20.0047028,73.7838785
Bus 5,20.0048582,73.7839288
Bus 5,20.0048605,73.7840261
Bus 5,20.0044692,73.7860204
Bus 5,20.0042624,73.7869562
Bus 5,20.0026349,73.7866866
Bus 5,20.0021617,73.7870944
Bus 5,20.0018919,73.7873042
Bus 5,20.0017504,73.7877033
Bus 5,20.0016987,73.7878521
Bus 5,20.0016057,73.7883393
Bus 5,20.0016178,73.7888336
Bus 5,20.0019949,73.788828
Bus 5,20.0020058,73.7898628
Bus 5,20.0011035,73.7898579
Bus 5,20.0020058,73.7898628
Bus 5,20.0020188,73.7902977
Bus 5,20.0032112,73.7903707
Bus 5,20.0039337,73.7906104
Bus 5,20.0038812,73.7908991
Bus 5,20.0039143,73.7911696
Bus 5,20.0040469,73.7916347
Bus 5,20.0042245,73.792157
Bus 5,20.0042811,73.7929433
Bus 5,20.0045028,73.7936891
Bus 5,20.004117,73.794353
Bus 5,20.0049312,73.7952647
Bus 5,20.004117,73.794353
Bus 5,20.0045028,73.7936891
Bus 5,20.0061753,73.7935008
Bus 5,20.0079376,73.7928262
Bus 5,20.0082273,73.7927144
Bus 5,20.008677,73.7931704
Bus 5,20.0086551,73.7934071
Bus 5,20.0083666,73.7933273
Bus 5,20.0086551,73.7934071
Bus 5,20.008642,73.7936493
Bus 5,20.0086354,73.7939171
Bus 5,20.0086457,73.7944688
Bus 5,20.0087935,73.7945758
Bus 5,20.0090253,73.7946777
Bus 5,20.0097658,73.7948035
Bus 5,20.0098295,73.7946973
Bus 5,20.0099464,73.7946973
Bus 5,20.0100073,73.7948398
Bus 5,20.0099504,73.7949217
Bus 5,20.0097658,73.7948035
Bus 5,20.0098295,73.7946973
Bus 5,20.0099389,73.7940363
Bus 5,20.0098513,73.7930718
Bus 5,20.0095069,73.7918407
Bus 5,20.0078858,73.7899927
Bus 5,20.0074869,73.7898367
Bus 5,20.0067668,73.7899872
Bus 5,20.0065883,73.7906634
Bus 5,20.0063614,73.7915704
Bus 5,20.005736,73.7918185
Bus 5,20.0063614,73.7915704
Bus 5,20.0065883,73.7906634
Bus 5,20.0067668,73.7899872
Bus 5,20.0063973,73.7898868
Bus 5,20.0064119,73.7896118
Bus 5,20.0066601,73.7894075
Bus 5,20.0066563,73.7892983
Bus 5,20.006614,73.7892502
Bus 5,20.006165,73.7886274
Bus 5,20.00608,73.7885495
Bus 5,20.0058193,73.7882556
Bus 5,20.0057234,73.788126
Bus 5,20.0058142,73.7880536
Bus 5,20.0058459,73.787898
Bus 5,20.0069925,73.7881377
Bus 5,20.0058459,73.787898
Bus 5,20.0058861,73.7877004
Bus 5,20.0054031,73.7877373
Bus 5,20.005163,73.787432
Bus 5,20.0042624,73.7869562
Bus 5,20.0026349,73.7866866
Bus 5,20.0021617,73.7870944
Bus 5,20.0018919,73.7873042
Bus 5,20.0011767,73.7871481
Bus 5,20.0008049,73.7868792
Bus 5,19.9989308,73.7865637
Bus 5,19.9988298,73.7865759
Bus 5,19.9980397,73.7868521
Bus 5,19.9971217,73.7873358
Bus 5,19.9965375,73.7876654
Bus 5,19.9959325,73.7881396
Bus 5,19.9957217,73.7883212
Bus 5,19.9956663,73.788253
Bus 5,19.9944487,73.7874058
Bus 5,19.9945236,73.7868766
Bus 5,19.9945403,73.7866146
Bus 5,19.9952786,73.7866203
Bus 5,19.9958063,73.7866243
Bus 5,19.9957023,73.7852793
Bus 5,19.9964786,73.7852525
Bus 5,19.9964614,73.7847795
Bus 5,19.9964467,73.7843732
Bus 5,19.9966568,73.7843624
Bus 5,19.9978914,73.7840602
Bus 5,19.9972634,73.7815852
Bus 5,19.9972221,73.7814212
Bus 5,19.9971921,73.7813012
Bus 5,19.9970773,73.780862
Bus 5,19.9967706,73.7797133
Bus 5,19.9957426,73.7763575
Bus 5,19.9958609,73.7763299
Bus 5,19.9973265,73.7761684
Bus 5,19.998099,73.7761384
Bus 5,19.9979198,73.7756051
Bus 5,19.9978194,73.7752968
Bus 5,19.9976491,73.7743506
Bus 5,19.9976882,73.7738178
Bus 5,19.9980673,73.7729635
Bus 5,19.9989494,73.7731498
Bus 5,19.9988129,73.7741413
Bus 5,19.9989494,73.7731498
Bus 5,19.9980673,73.7729635
Bus 5,19.9981253,73.7727643
Bus 5,19.9976552,73.7726798
Bus 5,19.9974558,73.772825
Bus 5,19.9973137,73.7728187
Bus 5,19.9971933,73.7728133
Bus 5,19.9970823,73.7728084
Bus 5,19.9969411,73.7728022
Bus 5,19.9964182,73.7732256
Bus 5,19.9956732,73.7733435
Bus 5,19.995146,73.7734411
Bus 5,19.9949427,73.7734999
Bus 5,19.9948442,73.7735424
Bus 5,19.9941354,73.7736955
Bus 5,19.994144,73.774886
Bus 5,19.9941481,73.7754561
Bus 5,19.9938827,73.7755
Bus 5,19.9931555,73.7756894
Bus 5,19.9931344,73.7762259
Bus 5,19.9931449,73.7762505
Bus 5,19.9931123,73.7763955
Bus 5,19.9929889,73.7764311
Bus 5,19.9929328,73.7763995
Bus 5,19.9920269,73.7781237
Bus 5,19.9918887,73.778385
Bus 5,19.9916498,73.7788368
Bus 5,19.9915372,73.7790497
Bus 5,19.9913132,73.7794589
Bus 5,19.9910332,73.7798836
Bus 5,19.990606,73.7805318
Bus 5,19.9904005,73.7809513
Bus 5,19.9902112,73.7818606
Bus 5,19.9901291,73.7824292
Bus 5,19.9901151,73.7826816
Bus 5,19.9900872,73.782872
Bus 5,19.990084,73.7830113
Bus 5,19.9900274,73.7830122
Bus 5,19.9895874,73.7830189
Bus 5,19.9890617,73.7830361
Bus 5,19.9889065,73.7830822
Bus 5,19.988542,73.7834847
Bus 5,19.9874073,73.7837886
Bus 5,19.987261,73.783927
Bus 5,19.9872371,73.7843127
Bus 5,19.9871385,73.7845164
Bus 5,19.987114,73.7845529
Bus 5,19.9869491,73.7846403
Bus 5,19.9868854,73.7846551
Bus 5,19.9868213,73.7846226
Bus 5,19.9868066,73.7849917
Bus 5,19.986805,73.7850941
Bus 5,19.9868703,73.7860976
Bus 5,19.9869045,73.7865477
Bus 5,19.9869261,73.7868704
Bus 5,19.9869836,73.7877229
Bus 5,19.9872359,73.7888656
Bus 5,19.9879487,73.7888115
Bus 5,19.9883318,73.7887958
Bus 5,19.9883646,73.7887946
Bus 5,19.9883318,73.7887958
Bus 5,19.9879487,73.7888115
Bus 5,19.9872359,73.7888656
Bus 5,19.9876521,73.7899468
Bus 5,19.9878217,73.7904664
Bus 5,19.9882748,73.7919774
Bus 5,19.9885335,73.7927704
Bus 5,19.9885641,73.7928421
Bus 5,19.988812,73.7937154
Bus 5,19.9888878,73.7939489
Bus 5,19.9890072,73.7943167
Bus 5,19.9890807,73.7945351
Bus 5,19.9892234,73.7949769
Bus 5,19.9893868,73.7954828
Bus 5,19.9895901,73.7960619
Bus 5,19.9897569,73.7965368
Bus 5,19.9898395,73.7967721
Bus 5,19.9899398,73.7970578
Bus 5,19.9901544,73.7976015
Bus 5,19.9904554,73.7983643
Bus 5,19.9907446,73.7991396
Bus 5,19.9907912,73.7992392
Bus 5,19.9908412,73.7993292
Bus 5,19.9903722,73.8001711
Bus 5,19.9903612,73.8002255
Bus 5,19.9902878,73.8008752
Bus 5,19.9902286,73.8013792
Bus 5,19.9901747,73.8019452
Bus 5,19.9901421,73.8023254
Bus 5,19.9901524,73.8023818
Bus 5,19.9901304,73.8024132
Bus 5,19.989972,73.8035031
Bus 5,19.9899017,73.8035003
Bus 5,19.989972,73.8035031
Bus 5,19.9899487,73.8037178
Bus 5,19.9899316,73.8039627
Bus 5,19.9899541,73.8041431
Bus 5,19.9899601,73.804252
Bus 5,19.9898926,73.8042383
Bus 5,19.9899034,73.8050583
Bus 5,19.9898649,73.8052184
Bus 5,19.9895665,73.8059225
Bus 5,19.9892858,73.8063829
Bus 5,19.9891775,73.8066513
Bus 5,19.9891642,73.8068483
Bus 5,19.9891532,73.8072582
Bus 5,19.9891493,73.8074834
Bus 5,19.9891412,73.8079401
Bus 5,19.9891326,73.8084303
Bus 5,19.9891404,73.808983
Bus 5,19.9891533,73.8090697
Bus 5,19.9861031,73.8099988
Bus 5,19.9817802,73.810196
Bus 5,19.98134,73.8103292
Bus 5,19.9812208,73.8103728
Bus 5,19.9796644,73.8078635
Bus 5,19.9794933,73.8075883
Bus 5,19.9794887,73.8074668
Bus 5,19.9795769,73.807505
Bus 5,19.9797943,73.8078512
Bus 5,19.98134,73.8103292
Bus 5,19.9812208,73.8103728
Bus 5,19.9806351,73.8106004
Bus 5,19.9801798,73.8108142
Bus 5,19.9796119,73.8110903
Bus 5,19.9790808,73.8113475
Bus 5,19.9788188,73.8115281
Bus 5,19.978623,73.8109723
Bus 5,19.978514,73.8106759
Bus 5,19.9783259,73.8101483
Bus 5,19.9779661,73.8095213
Bus 5,19.9778424,73.8094544
Bus 5,19.9776747,73.8092844
Bus 5,19.9776148,73.8092104
Bus 5,19.9776818,73.8091481
Bus 5,19.9779044,73.8089294
Bus 5,19.9792158,73.8077176
Bus 5,19.9793749,73.8072555
Bus 5,19.9791642,73.806857
Bus 5,19.9790982,73.8067411
Bus 5,19.978425,73.8059239
Bus 5,19.9775132,73.8047495
Bus 5,19.9774251,73.8046523
Bus 5,19.9774817,73.8045276
Bus 5,19.9775233,73.8037196
Bus 5,19.9782291,73.8037947
Bus 5,19.9783678,73.8031349
Bus 5,19.9792352,73.8033092
Bus 5,19.9801165,73.8034541
Bus 5,19.9792352,73.8033092
Bus 5,19.9791192,73.80413
Bus 5,19.9786669,73.8040251
Bus 5,19.978572,73.8045806
Bus 5,19.9782997,73.8054979
Bus 5,19.9785405,73.8058211
Bus 5,19.9790982,73.8067411
Bus 5,19.9791642,73.806857
Bus 5,19.9793749,73.8072555
Bus 5,19.9794887,73.8074668
Bus 5,19.9795769,73.807505
Bus 5,19.9794933,73.8075883
Bus 5,19.9792433,73.8078232
Bus 5,19.9778988,73.8090773
Bus 5,19.9778969,73.8094021
Bus 5,19.9779661,73.8095213
Bus 5,19.9778424,73.8094544
Bus 5,19.9774739,73.8094736
Bus 5,19.9776892,73.8101864
Bus 5,19.977217,73.8103487
Bus 5,19.9775048,73.8112515
Bus 5,19.9776569,73.8117287
Bus 5,19.9775048,73.8112515
Bus 5,19.977217,73.8103487
Bus 5,19.9776892,73.8101864
Bus 5,19.9780169,73.8103259
Bus 5,19.9783259,73.8101483
Bus 5,19.978514,73.8106759
Bus 5,19.978623,73.8109723
Bus 5,19.9788188,73.8115281
Bus 5,19.9790808,73.8113475
Bus 5,19.9796119,73.8110903
Bus 5,19.9801798,73.8108142
Bus 5,19.9806351,73.8106004
Bus 5,19.9812208,73.8103728
Bus 5,19.98134,73.8103292
Bus 5,19.9817802,73.810196
Bus 5,19.981991,73.8101173
Bus 5,19.9838024,73.8098408
Bus 5,19.9859003,73.8098728
Bus 5,19.9860998,73.8098776
Bus 5,19.9868683,73.8098028
Bus 5,19.9891404,73.808983
Bus 5,19.9907124,73.8088767
Bus 5,19.9914839,73.8089843
Bus 5,19.9915168,73.8084078
Bus 5,19.992505,73.808381
Bus 5,19.9931011,73.8084534
Bus 5,19.993517,73.8068926
Bus 5,19.9938572,73.8055777
Bus 5,19.9942846,73.8055458
Bus 5,19.9948443,73.8055467
Bus 5,19.9948921,73.8051427
Bus 5,19.9949273,73.8048454
Bus 5,19.9950304,73.8042551
Bus 5,19.9950662,73.8039909
Bus 5,19.9950816,73.8038312
Bus 5,19.9963359,73.8039984
Bus 5,19.9964767,73.8039998
Bus 5,19.997442,73.8041164
Bus 5,19.9974618,73.803564
Bus 5,19.9974711,73.8033356
Bus 5,19.9974796,73.8025948
Bus 5,19.9975632,73.8021854
Bus 5,20.0001447,73.8029912
Bus 5,20.0003274,73.8029607
Bus 5,20.0004895,73.8029611
Bus 5,20.0005607,73.8029604
Bus 5,20.0005786,73.8029791
Bus 5,20.0005883,73.8030035
Bus 5,20.0021943,73.8030181
Bus 5,20.0056125,73.803359
Bus 5,20.0067864,73.803886
Bus 5,20.0068257,73.8037741
Bus 5,20.0075024,73.803083
Bus 5,20.0072975,73.8026351
