prnno,name,username,password,latitude,longitude,area
PRN0000001,Krishna Bhosale,krishna_bhosale123,$2b$12$DGH/YIVhGXLy/DSX0c1PdurTp/q6jyeQPP0CPICHZYEjYm7O8L6j.,20.001836,73.787952,College Road
PRN0000002,Aarav Shah,aarav_shah123,$2b$12$MLhbcYYQD5YP/Wy5NG.AtOZBy9OjGvmiPq70KgxjhG0OCzSg3Mk.S,19.977286,73.774578,Dwarka
PRN0000003,Sakshi Shinde,sakshi_shinde123,$2b$12$irRNjvbwCFZEVn7pUeqFFeqfrriVzFgChNSFzjwza6pC9MciCz4FO,20.0366842,73.8037795,Mhasrul
PRN0000004,Pooja More,pooja_more123,$2b$12$AN8yhxlpEspA/eMBMVNlcOx.fQR1K0q06.whLjgeRuXtg71CBCIyu,19.97765,73.80455,Panchavati
PRN0000005,Sneha Deshmukh,sneha_deshmukh123,$2b$12$V47hGNdJEcK1p5L3RAKM1Of8nJIul70.ooTtpEDeDpugjHtJzMpE6,19.989808,73.80523,Canada Corner
PRN0000006,Aarav Gavande,aarav_gavande123,$2b$12$uXkanAJG8t5uBdslV9DKOOMecbexqFnB8Q6gdNMy3Y1d/h4ziiZOa,19.959507,73.727541,Satpur
PRN0000007,Sakshi Pawar,sakshi_pawar123,$2b$12$n6KoVqifN5lEIrj0eqTG3ubdF6MM7CdWbcRUayl.0UjMM1t/Wf9VG,20.017456,73.828705,Gangapur Road
PRN0000008,Vihaan Shah,vihaan_shah123,$2b$12$sMSChYI2c3YOOA4D/71an.qtJIgjsGosF2bKrsQGPYAQm0Nk6t.ti,19.994365,73.726996,Ambad
PRN0000009,Sai Chavan,sai_chavan123,$2b$12$qc3QEkfga8jloMFLlDjrvOukhBZtAA/SpkI8t2uArYG/R9vDlqH5u,19.98358,73.760479,Dwarka
PRN0000010,Ananya Joshi,ananya_joshi123,$2b$12$qiHO7evRD7uD0ZJwj1/eqevwignPiiEMxYax8FuMR.rBMGGikznDi,19.989458,73.803439,College Road
PRN0000011,Neha Kale,neha_kale123,$2b$12$Y7.Y1bP39tbNPxowR4cEYu26tp5qdfl416KoN/3FadHS7UaRSjnou,20.0291174,73.7832475,Makhamalabad road
PRN0000012,Neha Gavande,neha_gavande123,$2b$12$1kaXr3Jx2J9ebheBCQ5iPepTsJYI7kprqnB3Ojt/G6wDOLpxAK6GW,19.990244,73.802228,Canada Corner
PRN0000013,Aditya More,aditya_more123,$2b$12$qg8.L5Bf3Nv9QCcfdLhKTuul8VQZ8VPllW.iL0B7PNSTN7T4gIqkm,20.008466,73.793251,College Road
PRN0000014,Neha Pawar,neha_pawar123,$2b$12$GTU5sNn/5LI6rC6CX3RG9uD2NBbcdXb03vvq3sUIX1mCJd2JlB/TG,19.9783743,73.7784245,Dwarka
PRN0000015,Vivaan Mehta,vivaan_mehta123,$2b$12$o03G25gNkShfXhKhK4g8Uu.TfN1sbAu6Q.65RuM2xq97BYzx7eZDe,19.989946,73.714639,Ambad
PRN0000016,Ananya Kulkarni,ananya_kulkarni123,$2b$12$ZiFTXwJs7Y3ljTdjJUyyZuxaIulovyVip/C.3niErb.MGxEXFmqEy,19.989346,73.80723,Canada Corner
PRN0000017,Aryan More,aryan_more123,$2b$12$Bfba7MhWflk/OhUWnTzhiuf188BNdfMJBFXwZLixAtYzKvNHTdTeq,19.995787,73.711427,Ambad
PRN0000018,Kavya Jadhav,kavya_jadhav123,$2b$12$kMZ/PyBUitsZKJm/a/TAUOkl/OFq4uIDs4GjctDhlG9l45F1E.NFm,19.973595,73.760313,Dwarka
PRN0000019,Aditi Mehta,aditi_mehta123,$2b$12$aRMUsavkVt/36LpXYD/VkOlBno2l3Y7X7AQbw7n9Y4KAF66N8JQ6K,19.986454,73.764655,Dwarka
PRN0000020,Atharva Deshmukh,atharva_deshmukh123,$2b$12$x9E8OMkeKG66IkrpsPjY5.23YECHOA.weKTZm40xUk70WfTE1cYTS,19.951409,73.726564,Satpur
PRN0000021,Aditi Gavande,aditi_gavande123,$2b$12$kkG0o208WyG5fgIfcUyD9.Z4Dbp2D1vEpSlWpXl4XezQ2Rzb5wxEe,20.011982,73.808269,Gangapur Road
PRN0000022,Isha Bhosale,isha_bhosale123,$2b$12$4Rs9y32PMHQsuzbLbp92AuibshZ2EC9z0n1.uQilzu99SiXvA9dde,19.9562297,73.7600216,Satpur
PRN0000023,Rohan Chavan,rohan_chavan123,$2b$12$6CjYXKiwUz3WOVun0Fo8mebhckYSkWu0qQ9Xdb0benonoiBpMfnja,19.951873,73.721723,Satpur
PRN0000024,Sai Bhosale,sai_bhosale123,$2b$12$uAuxzPJRHoTa.NMD0cLSy.Gkj.eQXHvNXRiq23Yl.1wMUHg.VS/Ey,19.998782,73.774368,College Road
PRN0000025,Rohan Patankar,rohan_patankar123,$2b$12$RlS3y660gN4ELVAhU0Nuf.Iw4.WaBkOPpGK4ruzjcR9ZNIXVfNZ2a,19.948919,73.845756,Pathardi Phata
PRN0000026,Arjun Joshi,arjun_joshi123,$2b$12$QUQh4EoV9Btkvif2n7cVnukdUVd3Rw70dxDBDbyq4tEvOyZQGLMYy,19.978132,73.779231,Dwarka
PRN0000027,Aditya Gavande,aditya_gavande123,$2b$12$KBlTHTW5eePm0X44URORmugLSsnfOdj32rY5A3a2EWhabkhiZbQpC,19.9898,73.776184,Canada Corner
PRN0000028,Tanvi Pawar,tanvi_pawar123,$2b$12$k5VXjxon.oqKHoMPYpyvpuOa39jZUYyLr7cKOLUx1rfCaAEa00Tpi,20.023513,73.829557,Gangapur Road
PRN0000029,Kavya Patankar,kavya_patankar123,$2b$12$6PbA/jicaeBXvRWDeBkr7eIDEK2k4RvvvSuZk.hNCNZ1AvdM4OQPS,20.020142,73.827667,Gangapur Road
PRN0000030,Atharva Shinde,atharva_shinde123,$2b$12$UnWE3bXUwH6B3/zc8HH2x.n6kOmTl6wLxSoYmCr8uhr5JGpqbOxcG,19.99423,73.740806,Ambad
PRN0000031,Arjun Patankar,arjun_patankar123,$2b$12$TBCe0.JuSREz3ZgHVwDTPOguNnv17d5FoX/V34VDwgG5XQNesD/a.,19.988564,73.788849,College Road
PRN0000032,Neha Patankar,neha_patankar123,$2b$12$BGuYRezFuFdux3b1acNPre1XC4CapL8uKR24ORbIetdllo3xz9IuO,20.020487,73.832213,Gangapur Road
PRN0000033,Arjun Patankar,arjun_patankar123,$2b$12$xD/Utb4US3SvNWBarzp9jerDpm.GsT9tnq.lSA5PQ7Yj2.JsFv2Q2,19.9787912,73.7735622,Dwarka
PRN0000034,Sneha Joshi,sneha_joshi123,$2b$12$gYib/BqBpI9AOVkZaSogWOJr3Vz6VHWc9vKdp5vmMeD1TlB/YnOsS,19.988029,73.790286,College Road
PRN0000035,Sakshi Jadhav,sakshi_jadhav123,$2b$12$l1irQ.xElvv7SenEP7SNie9Tu8EmRqUTleRsV006QMx8idA25aWb.,19.9678551,73.7800879,Satpur
PRN0000036,Tanvi Gavande,tanvi_gavande123,$2b$12$9JjZe1L/pRy2DjszpX7d9.JooKl91Es9uQLSpGCq4uZHLMJiAHrwG,19.964487,73.7787763,Satpur
PRN0000037,Tanvi Shinde,tanvi_shinde123,$2b$12$6tw046Xmh2DPO7jmh9uKVuur80CdlgXHZWK2Y.l8hWAplph5zrKyy,20.001309,73.789421,College Road
PRN0000038,Tanvi More,tanvi_more123,$2b$12$LwwIsBSzK4UMnBW9RSw8HuqATc2KiKLMpbCXcyZi6Sl9XyViGOP7G,19.951737,73.719755,Satpur
PRN0000039,Krishna Chavan,krishna_chavan123,$2b$12$UcvIoF0v7SfHVbcbEqNkW.TrpLp1CwNScL1UTxJDla2FB0DqeXWxW,19.9846357,73.7744302,Dwarka
PRN0000040,Atharva Jadhav,atharva_jadhav123,$2b$12$uVIC4SoSQEWCnZtIGD9BWeMW/sq03fb5p4ryFL5mL1hpWx621YDVK,19.983343,73.761196,Dwarka
PRN0000041,Rohan Jadhav,rohan_jadhav123,$2b$12$mN4QjnYSeHByEj4vrmL1C.DQXX8p/xpWu1hVQjah3F8R.Nec1YLFC,20.012945,73.804617,Gangapur Road
PRN0000042,Aditya Joshi,aditya_joshi123,$2b$12$d0OUlqnH4VQG6dOsJoxGueuoF4uEU69J/W//3eOGMgoYmMsZXx.0O,19.9645035,73.7669111,Dwarka
PRN0000043,Ananya Gavande,ananya_gavande123,$2b$12$hMbADzO3WiZa2L5KUguzw.dzGrtzaHNA9XDSsBAxX1v33HsIEw5v6,19.999102,73.747843,Ambad
PRN0000044,Isha Bhosale,isha_bhosale123,$2b$12$byfYrClFc3Ao0qma1Nx07.Ez0zQLk7ZmvbS8QlT5WwPlhy2v2ow0a,19.974089,73.773998,Dwarka
PRN0000045,Aryan Mehta,aryan_mehta123,$2b$12$U/A5xD2IOyPJ4Q4FFMY4Le.rU0unqMFPUQ/f4sLI3E7hzsidJZ9QW,19.9700805,73.820748,Panchavati
PRN0000046,Kavya Patankar,kavya_patankar123,$2b$12$YGJfNaH1sownTxEJaTbVzuFD4TCj2W/ePkjQxKzmtz9IHV68FNpnS,19.98581,73.715937,Ambad
PRN0000047,Riya Shah,riya_shah123,$2b$12$zWKkXOV.nsoaS59G6EEM/OBSdI6hxOtoGBP2BQjhc/zgcGfd77SXq,20.0079396,73.8007214,Ganeshwadi road
PRN0000048,Vivaan Mehta,vivaan_mehta123,$2b$12$cGioUSRlHx6ZJUavsUKiwulFLPLZIFqTbNUBo17Wt4/byoeAJ2QFG,19.988424,73.713593,Ambad
PRN0000049,Kavya Kulkarni,kavya_kulkarni123,$2b$12$q7n8vAlDrrgMLZMSkoxDPuJDQQ4WFK7ZDT2MAa9JudnGl.NwYpUp2,19.988464,73.714093,Ambad
PRN0000050,Isha Mehta,isha_mehta123,$2b$12$j/1GLKhq.IF4t8yIX01coexwXf5YSYzLWFAOpM04XsGOxeXqZeOXK,19.964033,73.77884,Satpur
PRN0000051,Neha More,neha_more123,$2b$12$FEzo5iDteJDSaoae0gUl3ezCKL2/oQA3M9kCYovgkSCinZtb1E2AW,19.991182,73.730926,Ambad
PRN0000052,Sakshi Mehta,sakshi_mehta123,$2b$12$7zGg46SLd.VXAbxFLtU7/.Vcot.k3ZN2um9XzxLlI3CS30Z4hiURC,19.9595867,73.7666791,Pathardi
PRN0000053,Aarav Patankar,aarav_patankar123,$2b$12$nlEjS7OeFTnqh.6V.nJaq.EVwhYsN2wyMSMAcEfgPVvupYOGNUF2O,20.002367,73.741304,Ambad
PRN0000054,Sneha More,sneha_more123,$2b$12$LacGmX7a/E4H2NSS73SG5euatDF6pOljtdsvR2QVwrQOZftrhF5XS,20.011041,73.808373,Gangapur Road
PRN0000055,Vivaan Kulkarni,vivaan_kulkarni123,$2b$12$i1SrmKKrq6R/vm3RLeXWROjoaSbWV8unDfHwBtOhx5BKdRHDHzjC.,20.000937,73.73991,Ambad
PRN0000056,Rohan Deshmukh,rohan_deshmukh123,$2b$12$vcVHxpl3FFYxtPKjGCY2Ne//bRL/anRslmyPDJbyBXvy34L0dF1ne,20.014966,73.807378,Gangapur Road
PRN0000057,Aarav Pawar,aarav_pawar123,$2b$12$ltShvvT5u0/.D4GdP5cw9emUxoH5gBRtPJy8EUYuqi/uOm7n7NNtm,20.036818,73.801392,Gangapur Road
PRN0000058,Vihaan Patil,vihaan_patil123,$2b$12$p61MVwOClR0JjPSKcb6BeO21b0pJSEVeuX/I2y8HKk44QhG9nBUVa,19.9912697,73.7614872, Dwarka
PRN0000059,Ananya Chavan,ananya_chavan123,$2b$12$1DBA67alZSZa0BeVonX8zeG76a9rUr7Hz19scebgD.afJPxqElOmq,19.986889,73.760872,Dwarka
PRN0000060,Atharva Pawar,atharva_pawar123,$2b$12$zKv/G4M8EE1ELcQDF5c1Uu9o8mRywR9UtZr8yCW5r.caJBwCvcG/2,19.969921,73.776926,Satpur
PRN0000061,Vivaan Pawar,vivaan_pawar123,$2b$12$cUiz/bLDrnnPl6VpBZrPRu5b5WbtB1T5bjGKRp42QwQ4vy82PbYqC,19.956006,73.850044,Pathardi Phata
PRN0000062,Aryan Joshi,aryan_joshi123,$2b$12$c9jRxGGpIuY6HCjnuyfgnOenMcmYuK6eMIS4rg7KGV.4FaDRHhsGy,19.9883763,73.7683575,Canada Corner
PRN0000063,Aarav Gavande,aarav_gavande123,$2b$12$C0Iui/bi.cMGECyNB0NlHedwlhN5KdMOdUsMTnkrlap2f56wiUzOC,19.977282,73.769086,Dwarka
PRN0000064,Aditi Patil,aditi_patil123,$2b$12$2TDmtaaSNhgtdYPav1G2EOvsUIjINCTWm3mSvvXffHfredfmuqxwS,19.998659,73.748417,Ambad
PRN0000065,Sakshi Pawar,sakshi_pawar123,$2b$12$YAm./x1ggHSjldI6BHP7BefQG7Gp79UZRcL8mB4iLQSB3EN6jMV/C,19.9804351,73.7674935,Dwarka
PRN0000066,Sai Gavande,sai_gavande123,$2b$12$yUvUGA/P0ThPiQxmzUYe6u2ns/dqtfnUCPRFXLAzWos4cCRCB57Na,19.9845652,73.7584939,Dwarka
PRN0000067,Aarav Bhosale,aarav_bhosale123,$2b$12$Z02LyJqpfO1bhnwdJtcNvu8g1KqQJGiwIu10SEBhgECHL/iB4zsm.,19.956604,73.763894,Satpur
PRN0000068,Vivaan More,vivaan_more123,$2b$12$5lc1ZhbNpHyLP0kNppSizujLsM15VanNvQkYsNyvDfwbYWzBtiCrK,20.002192,73.744859,Ambad
PRN0000069,Pooja Chavan,pooja_chavan123,$2b$12$rBw7fw0.l4gu.oDt6XOD.ucnxaeAwCXYdPkbfb6e7cB9N7i9E3BTK,19.948902,73.849366,Pathardi Phata
PRN0000070,Vihaan Deshmukh,vihaan_deshmukh123,$2b$12$WkUWxbdidnVCA8C0TnUCEeu/BTFrNFM/b2OAX3lodk8oVIxPYXnJy,19.977861,73.772854,Dwarka
PRN0000071,Riya Deshmukh,riya_deshmukh123,$2b$12$hsbcJvvbacfRCOwbpEGibuj3ux4ht6O4F8xrt6f0OsgPnlteyNJXa,19.939598,73.842629,Pathardi Phata
PRN0000073,Aryan Chavan,aryan_chavan123,$2b$12$0LtIOLX.fnZfEJTousklu.BfOQLcGS5ewqTrWGA3dQZMCbOIcO8cO,19.956846,73.849343,Pathardi Phata
PRN0000074,Aarav More,aarav_more123,$2b$12$HNSXUsEgqV8.o21tM0qdX.A6DHKRLZRrgCqhRvXwKYU4QGUig5cuW,19.978135,73.811427,Panchavati
PRN0000075,Vihaan Jadhav,vihaan_jadhav123,$2b$12$rxxbpsWrQ6ockNvVtPNEd.ej3m95LGCTL4kPwrRo3A2XzeknzzG.O,19.9696359,73.7537409,Dwarka
PRN0000076,Vihaan Shah,vihaan_shah123,$2b$12$1qy6L.3oblAUE3bngFnYdeI2DhYMKL1nu9w.GidxcWrBDquvMSmoW,19.9763674,73.7775454,Dwarka
PRN0000077,Krishna More,krishna_more123,$2b$12$JEhAJzoviVkQ5z8lFi3N.OxSlBOOKSAasbI/IJa8GbUtQ8fCtGNMe,19.970853,73.761693,Dwarka
PRN0000078,Atharva Kulkarni,atharva_kulkarni123,$2b$12$5N1r5W8zN1OpId92di7Xpu7EskEPcr7/lsObdhdFWSlWi7OLrkC6G,20.0065048,73.7896106,RK
PRN0000079,Sai Jadhav,sai_jadhav123,$2b$12$p/aRgSqfLS3apMwpxEQFRO/1fpHG2obT7nNQzA4ZsUFxL5ft3W4v2,19.957613,73.849298,Pathardi Phata
PRN0000080,Isha Shinde,isha_shinde123,$2b$12$MuH03T8cZ6jpkNaKxNGQJeC.MmbaNHSY9/GiQaX.z9LkD4wvJZOpa,19.9569166,73.7648605,Satpur
PRN0000081,Pooja More,pooja_more123,$2b$12$Tfm/.hmwtxYB8b0gFBXw1utOOXeNsRDzzH9rZpyv0IY0/M6TqOmKq,19.970109,73.820618,Panchavati
PRN0000082,Tanvi Shinde,tanvi_shinde123,$2b$12$Xi3vJSWz9HvHlaIgF9kc/OcobyUvcCJRg3xEDHYopMqBcfdaT/4B.,20.025601,73.832533,Gangapur Road
PRN0000083,Riya Deshmukh,riya_deshmukh123,$2b$12$ivAHg39pRNVAWqOx2zDR5OSaS7PhnmkhV3o0cY1HG6ddovMD5fr4C,19.966827,73.779767,Satpur
PRN0000084,Isha Jadhav,isha_jadhav123,$2b$12$NdDVCiwlGUJSzG0MgBqN5uyvpkl6aZefP30bvncRXCQVIs06OQgMm,19.9870354,73.7701731,Dwarka
PRN0000085,Vivaan Deshmukh,vivaan_deshmukh123,$2b$12$mcAZJKpZUt/rXp8rd9SXhewvLtsyGtjxen.KUAl1SWeuPOxG7Ldmy,19.964257,73.777015,Satpur
PRN0000086,Krishna Patil,krishna_patil123,$2b$12$IkdRG/dh1/U/ndI6IYVc/eHRY11tkSVlr3vNA7gvf7ERsrfhRMxta,19.959751,73.782207,Satpur
PRN0000087,Atharva Mehta,atharva_mehta123,$2b$12$/Sd0yqBtpYfHvJPGvQhZ4eC2/TAC.oSxkZCq/jngBxh60rPd6RpyK,19.9679813,73.7696028,Satpur
PRN0000088,Krishna Deshmukh,krishna_deshmukh123,$2b$12$/obwn/hNEim0xhytYt52HOOMkd/xvM0lB9sTtTtjJeGsoxiLLZ5Ka,19.9583712,73.7608162,Pathardi
PRN0000089,Aditi Shinde,aditi_shinde123,$2b$12$E5REjkscC5Bz8wOzkCuIf.i1QLRadPTfFxpL3XPgP2BeTXxc3vzW6,19.95597,73.763496,Satpur
PRN0000090,Aditya Pawar,aditya_pawar123,$2b$12$5jQ2TkOpLPEAPErZDQNY7uwS2eSgOLVeRi.kw.754/H0EHL457WUG,20.025832,73.825714,Gangapur Road
PRN0000091,Ananya Shah,ananya_shah123,$2b$12$cwoemRCBNiHIMPiYQe2Rf.asvJgPseJbs8dsmOn8fqtR4CLfTyrGi,19.990145,73.764526,Dwarka
PRN0000092,Aditi Patankar,aditi_patankar123,$2b$12$wyC2hknTbQQ1/h3u2V972e5c1UAROlj5g5bgn3M8/MXfTScZ6IQ/m,20.000344,73.745962,Ambad
PRN0000093,Sneha Deshmukh,sneha_deshmukh123,$2b$12$BdW45LkhUTxH636mP21rLuncM5cpqHJVsnzkSb1fP8QbwD/AkfXgC,19.98998,73.730792,Ambad
PRN0000094,Vihaan Joshi,vihaan_joshi123,$2b$12$hNeNw7lINOS9bE.svfL06uN.bqd69ppqVMnkCsQUVkFU5K.EsGgEe,19.976829,73.759315,Dwarka
PRN0000095,Atharva Joshi,atharva_joshi123,$2b$12$ctzhM3LsCqufrWjHg1Cm0OIeV/IscYOzVRkPX1Is8FEWtOaAxcjiu,19.977498,73.767456,Dwarka
PRN0000096,Pooja Patankar,pooja_patankar123,$2b$12$8n7rUpPmek0u2t3ShmcndeEXISa9RfoR0FqBZVTzTzky3a.tuzRUy,20.024125,73.833218,Gangapur Road
PRN0000097,Vihaan Patil,vihaan_patil123,$2b$12$BaLc/wM77bSvM/MDpD43q.AEL6eKlAvIdjYNOw25aeJih/THTQYX.,19.996686,73.777095,College Road
PRN0000098,Aarav Patil,aarav_patil123,$2b$12$MeoohBZ.xk1vFpdkfdkJHeYtmY4dwJi3woIufdwh6JifWDPFwUL1m,19.990917,73.735645,Ambad
PRN0000099,Aryan Mehta,aryan_mehta123,$2b$12$hAPsu0AWMpHZShohhmqLDuS5ZP7ZdrCi816VeT6jr3DQew.xEV8E2,20.032495,73.807462,Gangapur Road
PRN0000100,Aditi Pawar,aditi_pawar123,$2b$12$YsmYAGjXB3CuYBtzdrsDGuV1.pJOV3GeNTxUp5H0650Z3nCtewU0e,19.960036,73.782182,Satpur
PRN0000101,Pooja Patankar,pooja_patankar123,$2b$12$ETJHnrQCA0olcjoiWhb7..a9C5.gP1AUlFxqDxY.UEa3RCndtvO4i,19.975126,73.76898,Dwarka
PRN0000102,Vihaan Gavande,vihaan_gavande123,$2b$12$y.HQWnUSvW6oOuegOOHmKuiYL8MYRsUDzuMOgdJnAEUOfRb3zif8O,19.988131,73.764173,Dwarka
PRN0000103,Sakshi Bhosale,sakshi_bhosale123,$2b$12$Svo8DlRaeooOlhp1eVlS6uot.rIRkMbn2jpydFXogfQiqiujYxtkO,19.994734,73.731008,Ambad
PRN0000104,Krishna Chavan,krishna_chavan123,$2b$12$Yi/4YmnqH5yJoyh54SJCdeyZe0smJSY26qn37qmTGH56UgqI07b9C,20.004171,73.7918542,kapad bazar
PRN0000105,Aditya Shinde,aditya_shinde123,$2b$12$eun1Uu.y6Evwm3GToeWoOOcMPL4Sgmkmf5g9M4.T85cFwAyBHB.dC,20.016842,73.82677,Gangapur Road
PRN0000106,Ananya Joshi,ananya_joshi123,$2b$12$YTYupZbZJYj6z8bHpx7foulr5RBN0BqDtbHbO7JR0W2LRUjThri8y,19.955988,73.845934,Pathardi Phata
PRN0000107,Arjun Joshi,arjun_joshi123,$2b$12$7cFGiWCaGnPyEp.EWaNk..bMuzRIoAboTRr.0ophQC62NUjaR3iJq,19.990788,73.73244,Ambad
PRN0000108,Ananya Jadhav,ananya_jadhav123,$2b$12$7vP12VGOb8F4.GKsOpOjQOKVkhNO0eZhjc6k2lqVuaNDIZZn7eK8e,20.0056397,73.796667,Ganeshwadi road
PRN0000109,Aditi Deshmukh,aditi_deshmukh123,$2b$12$5ADqouwY2VycNb49ybwgl.GQtk6q.LuhVOrKMoP9rSvmIhtJ.uZdu,19.98826,73.777358,Canada Corner
PRN0000110,Neha Mehta,neha_mehta123,$2b$12$eV9OwfbAWkRyFEFYmLYRfOzCFFgy65gVWeS7soLXDVUjJ/6ZJ1bg.,20.009974,73.794565,College Road
PRN0000111,Sneha Bhosale,sneha_bhosale123,$2b$12$u9TbGXRFWAY8IublnFs.iOtij5UzW9Yi4FDjU1Vka4bnH.n3i86z2,19.98036,73.803281,Panchavati
PRN0000112,Sai More,sai_more123,$2b$12$Xa4GFjI8FRB8O8pBH9SB4eopk8PFTTNTvSWroSPqUU1YZg5lBoLky,19.967214,73.761527,Dwarka
PRN0000113,Neha Shinde,neha_shinde123,$2b$12$tHocG3HAE/Yuc.qInguG6uAWFyo6sPNLXQt1irW134YIFaYB8HBFm,19.9557166,73.7607928,Satpur
PRN0000114,Vihaan More,vihaan_more123,$2b$12$iRo0UfF/fyr0hYK.XXM7sep2KOtEtX2pAga61uJB0Hz5SFW.ka0Au,19.9726131,73.779553,Dwarka
PRN0000115,Rohan Joshi,rohan_joshi123,$2b$12$dfZQvFaS71LJhxfMprNCruc79RQvgbXG8SlA0D7jm6yVIc4C9k3Nm,19.966793,73.762767,Dwarka
PRN0000116,Vihaan Bhosale,vihaan_bhosale123,$2b$12$sdLRR1KxfKJh1pUtGO3E7eKFy22IGfYBfaWwhPo6AfsLvg.EExSku,19.970214,73.775071,Dwarka
PRN0000117,Atharva Kulkarni,atharva_kulkarni123,$2b$12$8v3kVQq2i5/5SwfdYHRs8O8/twGLK.OZiFj9pbngzndSJf5PPBwyy,19.9864165,73.7576141,Dwarka
PRN0000118,Sai Kulkarni,sai_kulkarni123,$2b$12$/a0PsqhX3pe1qLnevPOAM.JVEk3Z4VkPYfUodavToXuLMpHGPEJDC,20.002409,73.745177,Ambad
PRN0000119,Riya Pawar,riya_pawar123,$2b$12$1M1qMPYy822GRZhp9OGUg.K2z/f7f5NDrvJBiVVmQg5dEW6FLo0/2,19.968847,73.7579004,Dwarka
PRN0000120,Sai Kulkarni,sai_kulkarni123,$2b$12$6vyfGsEewMgwMns/WMWRXO0HBz0K13hCsspyCC.hfoyEtDCPWXhDK,19.964476,73.776093,Satpur
PRN0000121,Aditya Gavande,aditya_gavande123,$2b$12$VMydycazO1BIwgNubuBKbOg2dONP.pt5NN742gBW3PDES6lkRG90y,19.972859,73.77308,Dwarka
PRN0000122,Sakshi Mehta,sakshi_mehta123,$2b$12$kW6Htvg2v2FmXzCKwWBOIud95dxSFMPtiuu7IAcuVepIJAjHZFPx6,19.9552224,73.7622305,Satpur
PRN0000123,Neha Deshmukh,neha_deshmukh123,$2b$12$7tLfHwRS3y2hSiAwHktMZuMaN2s73paLE/fTCNaXeCXM6KI8nA6EK,20.0069558,73.8038519,Krishna Nagar
PRN0000124,Ananya Patil,ananya_patil123,$2b$12$z.OHD6KE4NY0gWYVvCuUcOB9xWxmtGzJe4BEleYGInIXj68ApMmMq,19.952719,73.764186,Satpur
PRN0000125,Sakshi Shinde,sakshi_shinde123,$2b$12$w7Kf8HJN1X/P2dQ1PUVEVOunx4lQ11pMi8a8cb4W4Y9bcFWcYuBfi,20.041139,73.804853,Gangapur Road
PRN0000126,Krishna Shinde,krishna_shinde123,$2b$12$g5H8MJQD/OOSGpxjH5ZIV.V0qNZ2ZHM1rIOZrSgy.QAPEirh.QxeW,19.993781,73.742358,Ambad
PRN0000127,Arjun More,arjun_more123,$2b$12$Gxn/YZV3R7rPnXQNSh.wa.t.R6336SvwRner2hmNXXfnbW/Gpqxfa,19.9830424,73.7621979,Dwarka
PRN0000128,Tanvi Jadhav,tanvi_jadhav123,$2b$12$Zsj9JatKN/5WFuUQ7.SR7eyFbrXa9n0fOTnGfSVWFfLlhlVo23lzW,19.955741,73.727775,Satpur
PRN0000129,Neha Shah,neha_shah123,$2b$12$k.u5AXHPk3jQw6npR955puWfqEeDkY1cdJirBVz4NXw7x1SxmN4Qu,19.945163,73.848094,Pathardi Phata
PRN0000130,Vihaan Chavan,vihaan_chavan123,$2b$12$srxeyUoO76O7wXXlrqPvs.G0NCotzgCCDQn.Q0GcceKOMe0MWd5PG,19.958169,73.847406,Pathardi Phata
PRN0000131,Arjun Jadhav,arjun_jadhav123,$2b$12$mXpX8RNDLImZUjiviwJhtu2ifEYNFrdZCjP3HCjfnzyGURp3U4PdC,20.024619,73.834365,Gangapur Road
PRN0000132,Atharva More,atharva_more123,$2b$12$/i/2fsbfaGUGtSI43QreQ.w3U7HebKLfxpEdc7hWFBGKh3Hm2M6qS,19.9737721,73.7661652,MPC road
PRN0000133,Kavya Shah,kavya_shah123,$2b$12$w60I37m0I3ZahptlzZhbKuQGwqUUxkkbupzHVA4adAI8.dXCmaoDO,19.962132,73.76668,Satpur
PRN0000134,Aarav Bhosale,aarav_bhosale123,$2b$12$pbijOnEtn8MdJNl9sGDZEuiVoYXwkeiY8.ma5pc8L9n/xZjaKKfQC,20.023243,73.826945,Gangapur Road
PRN0000135,Vivaan Kale,vivaan_kale123,$2b$12$IoL.xXgOrOZDg/83Tog.VOVCQ51gJ56E9TYybvILrehVZHALwbw0m,19.97775,73.80882,Panchavati
PRN0000136,Aarav Gavande,aarav_gavande123,$2b$12$Lmn6oneWled34gI5F84guu2.s/WFOX3EXoNK7W5aYOmedhdupu1AO,19.976088,73.769393,Dwarka
PRN0000137,Sneha Shah,sneha_shah123,$2b$12$74J1Tkt/lQacmxjHfLwl7uhQUFB3BrbEPFwbJf/2CklBEq54e9JSS,19.970956,73.774731,Dwarka
PRN0000138,Arjun Jadhav,arjun_jadhav123,$2b$12$HZQiAOoKEFgMrImguTY.Uuqn3qaaQ.tvLDwDI2UusPwx5cHoTG4LK,19.97248,73.778381,Dwarka
PRN0000139,Rohan Chavan,rohan_chavan123,$2b$12$3YTUrk6aSWoD36IJe2/28.BSiXpwcWKS282Otqm.fjQmj6e4ZmRO6,19.991242,73.775723,Canada Corner
PRN0000140,Pooja Bhosale,pooja_bhosale123,$2b$12$9HI6XUFsZgpg6HMYZsaAE.raR85AffkfqvROu8UwmTzJ.K3yBZlf2,19.952317,73.72202,Satpur
PRN0000141,Vivaan Shah,vivaan_shah123,$2b$12$3R5Q2GeZNuW3eGU8AxmO4eoXIvmGrSBvJfcGQ1t5JyocKGJQ64FQO,19.947673,73.849293,Pathardi Phata
PRN0000142,Kavya Pawar,kavya_pawar123,$2b$12$7yvOU/vqdIqRy42dIhg//u/x0BtgKWycg/wKsYxwAueaZA2EvuEL2,19.980048,73.8080203,Panchavati
PRN0000143,Sneha Shinde,sneha_shinde123,$2b$12$m1riKPOmXxAXjyOYKZDjYeNvNoOatTcCu3Z9ypjZChbSK0XGp9fym,19.986069,73.761798,Dwarka
PRN0000144,Rohan Joshi,rohan_joshi123,$2b$12$IPfEMusIMZyjuBoqfxtnW.TRmk9ZiKcfWcvJ39TRVGVBapNy7rprm,19.978827,73.777502,Dwarka
PRN0000145,Vihaan Kale,vihaan_kale123,$2b$12$lFEkWqSPEqhLEpWaD.AgJOrXoKdfqawY2CJ1QXAcUAKwxUyszsw7O,19.964684,73.777135,Satpur
PRN0000146,Ananya Deshmukh,ananya_deshmukh123,$2b$12$7LxWrX1Yw/a4Rj.a8k.GreFFVELWY5yzcbthl7vT9naOvp2EWHtwO,19.979649,73.781311,Dwarka
PRN0000147,Pooja Patil,pooja_patil123,$2b$12$oWmMODwdzCJUi5ddc8ARU.E4QmWUk1q3pR0diH0RD9Drhab3gZIxu,19.961194,73.778431,Satpur
PRN0000148,Sakshi Jadhav,sakshi_jadhav123,$2b$12$pnmYsbCgR3MRpNFuGumdceKvKhkb02aXqP4.8RW9lalBdEJUOX0Jq,20.032585,73.782657,Makhamalabad road
PRN0000149,Ananya Chavan,ananya_chavan123,$2b$12$RndoG9fZthxyEw4XyDuRguN.PO.ibZ2NoZpZy25uVFSAUJhsSjtSm,19.963912,73.779409,Satpur
PRN0000150,Kavya Deshmukh,kavya_deshmukh123,$2b$12$SCCMGGm1eWTG9r7GsHY4i.KfNRnP7iSaIzjaNgTxwjt4tRRvCayaa,19.994787,73.78766,College Road
PRN0000151,Om Kapoor,om_kapoor123,$2b$12$6HiV6/5zZBORMKQlLjp/U.kgANWhhEgVFMy8r8P.29KB8Iffr1dIS,20.0121364,73.7548564,gangapur road
PRN0000152,Keya Jadhav,keya_jadhav123,$2b$12$hYF/eG8qbmxLNb0EDjAOieRKPx5YYx/RtoaAJFJet2TRqWw212F9u,20.0070101,73.7843694,Ashok stambh
PRN0000153,Bhushan Bodke,bhushan_bodke123,$2b$12$VFHu5rwOpYxydI1JK6MZnei2ZmPTrQ8gP0VD4tEzaECEUslbdLFTi,20.0094536,73.8043621,Aurangabad naka
